{
"lengthUnit": "mil",
"components": {
	"fields": ["COMPONENT_NO", "COMPONENT_NAME", "LAYER", "X_COORDINATE", "Y_COORDINATE", "ANGLE"],
	"rows": [
		[1, "C1", "T", 2420, -675, 0],
		[2, "C2", "T", 2260, -540, 0],
		[3, "C3", "T", 1910, -1140, 90],
		[4, "C4", "T", 2045, -1140, 90],
		[5, "C5", "T", 2170, -1140, 90],
		[6, "C6", "T", 2297.51, -1140.94, 90],
		[7, "IN", "T", 2635, -835, 90],
		[8, "L1", "T", 2520, -1125, 180],
		[9, "LED1", "T", 2650, -535, 0],
		[10, "OUT", "T", 1360, -850, 270],
		[11, "PROG", "T", 1675, -485, 0],
		[12, "R1", "T", 2455, -535, 180],
		[13, "R2", "T", 1335, -630, 180],
		[14, "R3", "T", 1330, -1120, 0],
		[15, "R4", "T", 1680, -785, 90],
		[16, "R5", "T", 1778.15, -1141.56, 90],
		[17, "U1", "T", 2350, -885, 180],
		[18, "U2", "T", 2010, -795, 0.089]
	]
},
"pins": {
	"fields": ["PIN_NO", "PIN_NAME", "PIN_X", "PIN_Y", "LAYER", "PIN_TYPE", "NET_NAME", "NET_TYPE", "PAD_SHAPE", "PAD_SIZEX", "PAD_SIZEY", "HOLE_SIZE", "PAD_ANGLE"],
	"rows": [
		[1, "C1_1", 2380.63, -675, "T", "SMD", "GND", "GND", "R", 55.51, 53.15, 0, 0],
		[2, "C1_2", 2459.37, -675, "T", "SMD", "$1N284", "", "R", 55.51, 53.15, 0, 0],
		[3, "C2_1", 2220.63, -540, "T", "SMD", "GND", "GND", "R", 55.51, 53.15, 0, 0],
		[4, "C2_2", 2299.37, -540, "T", "SMD", "3.3V", "", "R", 55.51, 53.15, 0, 0],
		[5, "C3_1", 1910, -1179.37, "T", "SMD", "GND", "GND", "R", 55.51, 53.15, 0, 90],
		[6, "C3_2", 1910, -1100.63, "T", "SMD", "3.3V", "", "R", 55.51, 53.15, 0, 90],
		[7, "C4_1", 2045, -1179.37, "T", "SMD", "GND", "GND", "R", 55.51, 53.15, 0, 90],
		[8, "C4_2", 2045, -1100.63, "T", "SMD", "3.3V", "", "R", 55.51, 53.15, 0, 90],
		[9, "C5_1", 2170, -1179.37, "T", "SMD", "GND", "GND", "R", 55.51, 53.15, 0, 90],
		[10, "C5_2", 2170, -1100.63, "T", "SMD", "3.3V", "", "R", 55.51, 53.15, 0, 90],
		[11, "C6_1", 2297.51, -1180.31, "T", "SMD", "GND", "GND", "R", 55.51, 53.15, 0, 90],
		[12, "C6_2", 2297.51, -1101.57, "T", "SMD", "3.3V", "", "R", 55.51, 53.15, 0, 90],
		[13, "IN_1", 2564.53, -933.42, "T", "SMD", "GND", "GND", "R", 59.05, 15.75, 0, 180],
		[14, "IN_2", 2564.53, -894.05, "T", "SMD", "XSCL", "", "R", 59.05, 15.75, 0, 180],
		[15, "IN_3", 2564.53, -854.69, "T", "SMD", "IN_3", "", "R", 59.05, 15.75, 0, 180],
		[16, "IN_4", 2564.53, -815.31, "T", "SMD", "IN_4", "", "R", 59.05, 15.75, 0, 180],
		[17, "IN_5", 2564.53, -775.94, "T", "SMD", "XSDA", "", "R", 59.05, 15.75, 0, 180],
		[18, "IN_6", 2564.53, -736.57, "T", "SMD", "5V", "", "R", 59.05, 15.75, 0, 180],
		[19, "IN_7", 2705.47, -693.27, "T", "SMD", "GND", "GND", "R", 59.05, 39.37, 0, 180],
		[20, "IN_8", 2705.47, -976.73, "T", "SMD", "GND", "GND", "R", 59.05, 39.37, 0, 180],
		[21, "L1_1", 2558.04, -1125, "T", "SMD", "5V", "", "R", 44.59, 54.21, 0, 180],
		[22, "L1_2", 2481.96, -1125, "T", "SMD", "$1N284", "", "R", 44.59, 54.21, 0, 180],
		[23, "LED1_1", 2691.35, -535, "T", "SMD", "LED2", "", "R", 39.37, 55.1, 0, 180],
		[24, "LED1_2", 2608.65, -535, "T", "SMD", "$1N490", "", "R", 39.37, 55.1, 0, 180],
		[25, "OUT_1", 1430.47, -751.58, "T", "SMD", "GND", "GND", "R", 59.05, 15.75, 0, 0],
		[26, "OUT_2", 1430.47, -790.95, "T", "SMD", "LED", "", "R", 59.05, 15.75, 0, 0],
		[27, "OUT_3", 1430.47, -830.31, "T", "SMD", "SCL", "", "R", 59.05, 15.75, 0, 0],
		[28, "OUT_4", 1430.47, -869.69, "T", "SMD", "SCL", "", "R", 59.05, 15.75, 0, 0],
		[29, "OUT_5", 1430.47, -909.06, "T", "SMD", "SDA", "", "R", 59.05, 15.75, 0, 0],
		[30, "OUT_6", 1430.47, -948.43, "T", "SMD", "INT", "", "R", 59.05, 15.75, 0, 0],
		[31, "OUT_7", 1289.53, -991.73, "T", "SMD", "GND", "GND", "R", 59.05, 39.37, 0, 0],
		[32, "OUT_8", 1289.53, -708.27, "T", "SMD", "GND", "GND", "R", 59.05, 39.37, 0, 0],
		[33, "PROG_1", 1325, -485, "T", "DIP", "SWCLK", "", "R", 62, 66.93, 43.31, 0],
		[34, "PROG_1", 1325, -485, "B", "DIP", "SWCLK", "", "R", 62, 66.93, 43.31, 0],
		[35, "PROG_2", 1425, -485, "T", "DIP", "SWDIO", "", "C", 66.93, 66.93, 43.31, 0],
		[36, "PROG_2", 1425, -485, "B", "DIP", "SWDIO", "", "C", 66.93, 66.93, 43.31, 0],
		[37, "PROG_3", 1525, -485, "T", "DIP", "NRST", "", "C", 66.93, 66.93, 43.31, 0],
		[38, "PROG_3", 1525, -485, "B", "DIP", "NRST", "", "C", 66.93, 66.93, 43.31, 0],
		[39, "PROG_4", 1625, -485, "T", "DIP", "OSC", "", "C", 66.93, 66.93, 43.31, 0],
		[40, "PROG_4", 1625, -485, "B", "DIP", "OSC", "", "C", 66.93, 66.93, 43.31, 0],
		[41, "PROG_5", 1725, -485, "T", "DIP", "TX", "", "C", 66.93, 66.93, 43.31, 0],
		[42, "PROG_5", 1725, -485, "B", "DIP", "TX", "", "C", 66.93, 66.93, 43.31, 0],
		[43, "PROG_6", 1825, -485, "T", "DIP", "RX", "", "C", 66.93, 66.93, 43.31, 0],
		[44, "PROG_6", 1825, -485, "B", "DIP", "RX", "", "C", 66.93, 66.93, 43.31, 0],
		[45, "PROG_7", 1925, -485, "T", "DIP", "GND", "GND", "C", 66.93, 66.93, 43.31, 0],
		[46, "PROG_7", 1925, -485, "B", "DIP", "GND", "GND", "C", 66.93, 66.93, 43.31, 0],
		[47, "PROG_8", 2025, -485, "T", "DIP", "3.3V", "", "C", 66.93, 66.93, 43.31, 0],
		[48, "PROG_8", 2025, -485, "B", "DIP", "3.3V", "", "C", 66.93, 66.93, 43.31, 0],
		[49, "R1_1", 2493.04, -535, "T", "SMD", "$1N490", "", "R", 44.59, 54.21, 0, 180],
		[50, "R1_2", 2416.96, -535, "T", "SMD", "GND", "GND", "R", 44.59, 54.21, 0, 180],
		[51, "R2_1", 1374.37, -630, "T", "SMD", "SCL", "", "R", 44.59, 54.21, 0, 180],
		[52, "R2_2", 1295.63, -630, "T", "SMD", "3.3V", "", "R", 44.59, 54.21, 0, 180],
		[53, "R3_1", 1290.63, -1120, "T", "SMD", "3.3V", "", "R", 44.59, 54.21, 0, 360],
		[54, "R3_2", 1369.37, -1120, "T", "SMD", "SDA", "", "R", 44.59, 54.21, 0, 360],
		[55, "R4_1", 1680, -824.37, "T", "SMD", "$1N1664", "", "R", 44.59, 54.21, 0, 90],
		[56, "R4_2", 1680, -745.63, "T", "SMD", "GND", "GND", "R", 44.59, 54.21, 0, 90],
		[57, "R5_1", 1778.15, -1180.93, "T", "SMD", "3.3V", "", "R", 44.59, 54.21, 0, 90],
		[58, "R5_2", 1778.15, -1102.19, "T", "SMD", "NRST", "", "R", 44.59, 54.21, 0, 90],
		[59, "U1_1", 2400.06, -922.4, "T", "SMD", "$1N284", "", "R", 21.65, 39.37, 0, 90],
		[60, "U1_2", 2400.06, -885, "T", "SMD", "GND", "GND", "R", 21.65, 39.37, 0, 90],
		[61, "U1_3", 2400.06, -847.6, "T", "SMD", "$1N284", "", "R", 21.65, 39.37, 0, 90],
		[62, "U1_4", 2299.94, -847.6, "T", "SMD", "U1_4", "", "R", 21.65, 39.37, 0, 90],
		[63, "U1_5", 2299.94, -922.4, "T", "SMD", "3.3V", "", "R", 21.65, 39.37, 0, 90],
		[64, "U2_1", 1901.99, -962.49, "T", "SMD", "3.3V", "", "O", 10.63, 59.05, 0, 0.089],
		[65, "U2_2", 1921.68, -962.46, "T", "SMD", "LED", "", "O", 10.63, 59.05, 0, 0.089],
		[66, "U2_3", 1941.36, -962.43, "T", "SMD", "LED2", "", "O", 10.63, 59.05, 0, 0.089],
		[67, "U2_4", 1961.05, -962.4, "T", "SMD", "U2_4", "", "O", 10.63, 59.05, 0, 0.089],
		[68, "U2_5", 1980.73, -962.37, "T", "SMD", "U2_5", "", "O", 10.63, 59.05, 0, 0.089],
		[69, "U2_6", 2000.42, -962.34, "T", "SMD", "OSC", "", "O", 10.63, 59.05, 0, 0.089],
		[70, "U2_7", 2020.1, -962.3, "T", "SMD", "NRST", "", "O", 10.63, 59.05, 0, 0.089],
		[71, "U2_8", 2039.79, -962.27, "T", "SMD", "GND", "GND", "O", 10.63, 59.05, 0, 0.089],
		[72, "U2_9", 2059.47, -962.24, "T", "SMD", "3.3V", "", "O", 10.63, 59.05, 0, 0.089],
		[73, "U2_10", 2079.16, -962.21, "T", "SMD", "U2_10", "", "O", 10.63, 59.05, 0, 0.089],
		[74, "U2_11", 2098.84, -962.18, "T", "SMD", "U2_11", "", "O", 10.63, 59.05, 0, 0.089],
		[75, "U2_12", 2118.53, -962.15, "T", "SMD", "TX", "", "O", 10.63, 59.05, 0, 0.089],
		[76, "U2_13", 2177.49, -903.01, "T", "SMD", "RX", "", "O", 59.05, 10.63, 0, 0.089],
		[77, "U2_14", 2177.46, -883.32, "T", "SMD", "U2_14", "", "O", 59.05, 10.63, 0, 0.089],
		[78, "U2_15", 2177.43, -863.64, "T", "SMD", "U2_15", "", "O", 59.05, 10.63, 0, 0.089],
		[79, "U2_16", 2177.4, -843.95, "T", "SMD", "U2_16", "", "O", 59.05, 10.63, 0, 0.089],
		[80, "U2_17", 2177.37, -824.27, "T", "SMD", "U2_17", "", "O", 59.05, 10.63, 0, 0.089],
		[81, "U2_18", 2177.34, -804.58, "T", "SMD", "U2_18", "", "O", 59.05, 10.63, 0, 0.089],
		[82, "U2_19", 2177.3, -784.9, "T", "SMD", "U2_19", "", "O", 59.05, 10.63, 0, 0.089],
		[83, "U2_20", 2177.27, -765.21, "T", "SMD", "U2_20", "", "O", 59.05, 10.63, 0, 0.089],
		[84, "U2_21", 2177.24, -745.53, "T", "SMD", "XSCL", "", "O", 59.05, 10.63, 0, 0.089],
		[85, "U2_22", 2177.21, -725.84, "T", "SMD", "XSDA", "", "O", 59.05, 10.63, 0, 0.089],
		[86, "U2_23", 2177.18, -706.16, "T", "SMD", "GND", "GND", "O", 59.05, 10.63, 0, 0.089],
		[87, "U2_24", 2177.15, -686.47, "T", "SMD", "3.3V", "", "O", 59.05, 10.63, 0, 0.089],
		[88, "U2_25", 2118.01, -627.51, "T", "SMD", "U2_25", "", "O", 10.63, 59.05, 0, 0.089],
		[89, "U2_26", 2098.32, -627.54, "T", "SMD", "U2_26", "", "O", 10.63, 59.05, 0, 0.089],
		[90, "U2_27", 2078.64, -627.57, "T", "SMD", "U2_27", "", "O", 10.63, 59.05, 0, 0.089],
		[91, "U2_28", 2058.95, -627.6, "T", "SMD", "U2_28", "", "O", 10.63, 59.05, 0, 0.089],
		[92, "U2_29", 2039.27, -627.63, "T", "SMD", "U2_29", "", "O", 10.63, 59.05, 0, 0.089],
		[93, "U2_30", 2019.58, -627.66, "T", "SMD", "U2_30", "", "O", 10.63, 59.05, 0, 0.089],
		[94, "U2_31", 1999.9, -627.7, "T", "SMD", "U2_31", "", "O", 10.63, 59.05, 0, 0.089],
		[95, "U2_32", 1980.21, -627.73, "T", "SMD", "U2_32", "", "O", 10.63, 59.05, 0, 0.089],
		[96, "U2_33", 1960.53, -627.76, "T", "SMD", "U2_33", "", "O", 10.63, 59.05, 0, 0.089],
		[97, "U2_34", 1940.84, -627.79, "T", "SMD", "SWDIO", "", "O", 10.63, 59.05, 0, 0.089],
		[98, "U2_35", 1921.16, -627.82, "T", "SMD", "U2_35", "", "O", 10.63, 59.05, 0, 0.089],
		[99, "U2_36", 1901.47, -627.85, "T", "SMD", "INT", "", "O", 10.63, 59.05, 0, 0.089],
		[100, "U2_37", 1842.51, -686.99, "T", "SMD", "SWCLK", "", "O", 59.05, 10.63, 0, 0.089],
		[101, "U2_38", 1842.54, -706.68, "T", "SMD", "U2_38", "", "O", 59.05, 10.63, 0, 0.089],
		[102, "U2_39", 1842.57, -726.36, "T", "SMD", "U2_39", "", "O", 59.05, 10.63, 0, 0.089],
		[103, "U2_40", 1842.6, -746.05, "T", "SMD", "U2_40", "", "O", 59.05, 10.63, 0, 0.089],
		[104, "U2_41", 1842.63, -765.73, "T", "SMD", "U2_41", "", "O", 59.05, 10.63, 0, 0.089],
		[105, "U2_42", 1842.66, -785.42, "T", "SMD", "SCL", "", "O", 59.05, 10.63, 0, 0.089],
		[106, "U2_43", 1842.7, -805.1, "T", "SMD", "SDA", "", "O", 59.05, 10.63, 0, 0.089],
		[107, "U2_44", 1842.73, -824.79, "T", "SMD", "$1N1664", "", "O", 59.05, 10.63, 0, 0.089],
		[108, "U2_45", 1842.76, -844.47, "T", "SMD", "U2_45", "", "O", 59.05, 10.63, 0, 0.089],
		[109, "U2_46", 1842.79, -864.16, "T", "SMD", "U2_46", "", "O", 59.05, 10.63, 0, 0.089],
		[110, "U2_47", 1842.82, -883.84, "T", "SMD", "GND", "GND", "O", 59.05, 10.63, 0, 0.089],
		[111, "U2_48", 1842.85, -903.53, "T", "SMD", "3.3V", "", "O", 59.05, 10.63, 0, 0.089]
	]
}
}