{
"lengthUnit": "mil",
"components": {
	"fields": ["COMPONENT_NO", "COMPONENT_NAME", "LAYER", "X_COORDINATE", "Y_COORDINATE", "ANGLE"],
	"rows": [
		[1, "D0", "T", 2629.23, -1396.69, 0],
		[2, "D1", "T", 2430, -1025, 0],
		[3, "DISP", "T", 1695, -1770, 0],
		[4, "EXP", "T", 2505.55, -1632.29, 45.062],
		[5, "F1", "B", 2350, -1605, 180],
		[6, "LED1", "T", 2445, -1380, 90],
		[7, "LPC", "T", 2616.53, -850, 90],
		[8, "Q1", "B", 2195, -1605, 270],
		[9, "R1", "T", 2440, -1175, 90],
		[10, "R2", "T", 2423.26, -526.23, 0],
		[11, "R3", "T", 2425, -655, 0],
		[12, "R4", "T", 2423.26, -778.61, 0],
		[13, "R5", "T", 2423.26, -898.47, 0],
		[14, "RGB1", "T", 2206.53, -1540.09, 0],
		[15, "RGB_EXP", "T", 2100, -1770, 0],
		[16, "U1", "T", 1925, -955, 0],
		[17, "VSEL", "B", 2545, -1660, 225.801]
	]
},
"pins": {
	"fields": ["PIN_NO", "PIN_NAME", "PIN_X", "PIN_Y", "LAYER", "PIN_TYPE", "NET_NAME", "NET_TYPE", "PAD_SHAPE", "PAD_SIZEX", "PAD_SIZEY", "HOLE_SIZE", "PAD_ANGLE"],
	"rows": [
		[1, "D0_1", 2629.23, -1396.69, "T", "SMD", "D0", "", "O", 120, 60, 0, 0],
		[2, "D1_1", 2383.84, -1025, "T", "SMD", "$1N384", "", "R", 39.37, 29.53, 0, 0],
		[3, "D1_2", 2476.16, -1025, "T", "SMD", "5V", "", "R", 39.37, 29.53, 0, 0],
		[4, "DISP_1", 1596.57, -1693.72, "T", "SMD", "VOUT", "", "R", 23.62, 61.02, 0, 0],
		[5, "DISP_2", 1635.95, -1693.72, "T", "SMD", "DISP_SPI_TX", "", "R", 23.62, 61.02, 0, 0],
		[6, "DISP_3", 1675.32, -1693.72, "T", "SMD", "DISP_SPI_SCK", "", "R", 23.62, 61.02, 0, 0],
		[7, "DISP_4", 1714.69, -1693.72, "T", "SMD", "DISP_CSN2", "", "R", 23.62, 61.02, 0, 0],
		[8, "DISP_5", 1754.06, -1693.72, "T", "SMD", "DISP_CSN1", "", "R", 23.62, 61.02, 0, 0],
		[9, "DISP_6", 1793.43, -1693.72, "T", "SMD", "GND", "GND", "R", 23.62, 61.02, 0, 0],
		[10, "DISP_7", 1844.6, -1846.28, "T", "SMD", "GND", "GND", "R", 59.05, 78.74, 0, 0],
		[11, "DISP_8", 1545.39, -1846.28, "T", "SMD", "GND", "GND", "R", 59.05, 78.74, 0, 0],
		[12, "EXP_1", 2382.03, -1648.09, "T", "SMD", "GND", "GND", "R", 23.62, 61.02, 0, 45.062],
		[13, "EXP_2", 2409.85, -1620.21, "T", "SMD", "XSCL", "", "R", 23.62, 61.02, 0, 45.062],
		[14, "EXP_3", 2437.65, -1592.34, "T", "SMD", "EX_SDA", "", "R", 23.62, 61.02, 0, 45.062],
		[15, "EXP_4", 2465.46, -1564.48, "T", "SMD", "EX_SCL", "", "R", 23.62, 61.02, 0, 45.062],
		[16, "EXP_5", 2493.27, -1536.61, "T", "SMD", "XSDA", "", "R", 23.62, 61.02, 0, 45.062],
		[17, "EXP_6", 2521.08, -1508.74, "T", "SMD", "5V", "", "R", 23.62, 61.02, 0, 45.062],
		[18, "EXP_7", 2665.22, -1580.28, "T", "SMD", "GND", "GND", "R", 59.05, 78.74, 0, 45.062],
		[19, "EXP_8", 2453.87, -1792.08, "T", "SMD", "GND", "GND", "R", 59.05, 78.74, 0, 45.062],
		[20, "F1_1", 2379.66, -1605, "B", "SMD", "D5V", "", "R", 31.75, 34.02, 0, 180],
		[21, "F1_2", 2320.34, -1605, "B", "SMD", "D5V1", "", "R", 31.75, 34.02, 0, 180],
		[22, "LED1_1", 2445, -1423.31, "T", "SMD", "$1N1171", "", "R", 39.37, 49.21, 0, 270],
		[23, "LED1_2", 2445, -1336.69, "T", "SMD", "5V", "", "R", 39.37, 49.21, 0, 270],
		[24, "LPC_1", 2666.53, -1200, "T", "DIP", "LCLK", "", "R", 78.74, 78.74, 55.12, 90],
		[25, "LPC_1", 2666.53, -1200, "B", "DIP", "LCLK", "", "R", 78.74, 78.74, 55.12, 90],
		[26, "LPC_2", 2566.53, -1200, "T", "DIP", "GND", "GND", "C", 78.74, 78.74, 55.12, 90],
		[27, "LPC_2", 2566.53, -1200, "B", "DIP", "GND", "GND", "C", 78.74, 78.74, 55.12, 90],
		[28, "LPC_3", 2666.53, -1100, "T", "DIP", "LFRAME", "", "C", 78.74, 78.74, 55.12, 90],
		[29, "LPC_3", 2666.53, -1100, "B", "DIP", "LFRAME", "", "C", 78.74, 78.74, 55.12, 90],
		[30, "LPC_4", 2566.53, -1100, "T", "DIP", "LPC_4", "", "C", 78.74, 78.74, 55.12, 90],
		[31, "LPC_4", 2566.53, -1100, "B", "DIP", "LPC_4", "", "C", 78.74, 78.74, 55.12, 90],
		[32, "LPC_5", 2666.53, -1000, "T", "DIP", "RST", "", "C", 78.74, 78.74, 55.12, 90],
		[33, "LPC_5", 2666.53, -1000, "B", "DIP", "RST", "", "C", 78.74, 78.74, 55.12, 90],
		[34, "LPC_6", 2566.53, -1000, "T", "DIP", "5V", "", "C", 78.74, 78.74, 55.12, 90],
		[35, "LPC_6", 2566.53, -1000, "B", "DIP", "5V", "", "C", 78.74, 78.74, 55.12, 90],
		[36, "LPC_7", 2666.53, -900, "T", "DIP", "XLAD3", "", "C", 78.74, 78.74, 55.12, 90],
		[37, "LPC_7", 2666.53, -900, "B", "DIP", "XLAD3", "", "C", 78.74, 78.74, 55.12, 90],
		[38, "LPC_8", 2566.53, -900, "T", "DIP", "XLAD2", "", "C", 78.74, 78.74, 55.12, 90],
		[39, "LPC_8", 2566.53, -900, "B", "DIP", "XLAD2", "", "C", 78.74, 78.74, 55.12, 90],
		[40, "LPC_9", 2666.53, -800, "T", "DIP", "3.3V", "", "C", 78.74, 78.74, 55.12, 90],
		[41, "LPC_9", 2666.53, -800, "B", "DIP", "3.3V", "", "C", 78.74, 78.74, 55.12, 90],
		[42, "LPC_10", 2566.53, -800, "T", "DIP", "XLAD1", "", "C", 78.74, 78.74, 55.12, 90],
		[43, "LPC_10", 2566.53, -800, "B", "DIP", "XLAD1", "", "C", 78.74, 78.74, 55.12, 90],
		[44, "LPC_11", 2666.53, -700, "T", "DIP", "XLAD0", "", "C", 78.74, 78.74, 55.12, 90],
		[45, "LPC_11", 2666.53, -700, "B", "DIP", "XLAD0", "", "C", 78.74, 78.74, 55.12, 90],
		[46, "LPC_12", 2566.53, -700, "T", "DIP", "GND", "GND", "C", 78.74, 78.74, 55.12, 90],
		[47, "LPC_12", 2566.53, -700, "B", "DIP", "GND", "GND", "C", 78.74, 78.74, 55.12, 90],
		[48, "LPC_13", 2666.53, -600, "T", "DIP", "XSCL", "", "C", 78.74, 78.74, 55.12, 90],
		[49, "LPC_13", 2666.53, -600, "B", "DIP", "XSCL", "", "C", 78.74, 78.74, 55.12, 90],
		[50, "LPC_14", 2566.53, -600, "T", "DIP", "XSDA", "", "C", 78.74, 78.74, 55.12, 90],
		[51, "LPC_14", 2566.53, -600, "B", "DIP", "XSDA", "", "C", 78.74, 78.74, 55.12, 90],
		[52, "LPC_15", 2666.53, -500, "T", "DIP", "3.3V", "", "C", 78.74, 78.74, 55.12, 90],
		[53, "LPC_15", 2666.53, -500, "B", "DIP", "3.3V", "", "C", 78.74, 78.74, 55.12, 90],
		[54, "LPC_16", 2566.53, -500, "T", "DIP", "LPC_16", "", "C", 78.74, 78.74, 55.12, 90],
		[55, "LPC_16", 2566.53, -500, "B", "DIP", "LPC_16", "", "C", 78.74, 78.74, 55.12, 90],
		[56, "Q1_1", 2232.4, -1644.37, "B", "SMD", "5V", "", "R", 49.21, 27.56, 0, 270],
		[57, "Q1_2", 2157.6, -1644.37, "B", "SMD", "3.3V", "", "R", 49.21, 27.56, 0, 270],
		[58, "Q1_3", 2195, -1565.63, "B", "SMD", "D5V1", "", "R", 49.21, 27.56, 0, 270],
		[59, "R1_1", 2440, -1214.37, "T", "SMD", "$1N1171", "", "R", 44.59, 54.21, 0, 90],
		[60, "R1_2", 2440, -1135.63, "T", "SMD", "STS_LED", "", "R", 44.59, 54.21, 0, 90],
		[61, "R2_1", 2393.6, -526.23, "T", "SMD", "LAD0", "", "R", 31.75, 34.02, 0, 0],
		[62, "R2_2", 2452.92, -526.23, "T", "SMD", "XLAD0", "", "R", 31.75, 34.02, 0, 0],
		[63, "R3_1", 2395.34, -655, "T", "SMD", "LAD1", "", "R", 31.75, 34.02, 0, 0],
		[64, "R3_2", 2454.66, -655, "T", "SMD", "XLAD1", "", "R", 31.75, 34.02, 0, 0],
		[65, "R4_1", 2393.6, -778.61, "T", "SMD", "LAD2", "", "R", 31.75, 34.02, 0, 0],
		[66, "R4_2", 2452.92, -778.61, "T", "SMD", "XLAD2", "", "R", 31.75, 34.02, 0, 0],
		[67, "R5_1", 2393.6, -898.47, "T", "SMD", "LAD3", "", "R", 31.75, 34.02, 0, 0],
		[68, "R5_2", 2452.92, -898.47, "T", "SMD", "XLAD3", "", "R", 31.75, 34.02, 0, 0],
		[69, "RGB1_1", 2206.53, -1540.09, "T", "SMD", "RGB", "", "O", 120, 60, 0, 0],
		[70, "RGB_EXP_1", 2001.57, -1693.72, "T", "SMD", "RGB", "", "R", 23.62, 61.02, 0, 0],
		[71, "RGB_EXP_2", 2040.95, -1693.72, "T", "SMD", "3.3V", "", "R", 23.62, 61.02, 0, 0],
		[72, "RGB_EXP_3", 2080.32, -1693.72, "T", "SMD", "GND", "GND", "R", 23.62, 61.02, 0, 0],
		[73, "RGB_EXP_4", 2119.69, -1693.72, "T", "SMD", "RGB_EXP_4", "", "R", 23.62, 61.02, 0, 0],
		[74, "RGB_EXP_5", 2159.06, -1693.72, "T", "SMD", "GND", "GND", "R", 23.62, 61.02, 0, 0],
		[75, "RGB_EXP_6", 2198.43, -1693.72, "T", "SMD", "5V", "", "R", 23.62, 61.02, 0, 0],
		[76, "RGB_EXP_7", 2249.6, -1846.28, "T", "SMD", "GND", "GND", "R", 59.05, 78.74, 0, 0],
		[77, "RGB_EXP_8", 1950.39, -1846.28, "T", "SMD", "GND", "GND", "R", 59.05, 78.74, 0, 0],
		[78, "U1_1", 2279.33, -523.7, "T", "SMD", "LAD0", "", "R", 78.74, 51.18, 0, 0],
		[79, "U1_2", 2279.33, -623.7, "T", "SMD", "LAD1", "", "R", 78.74, 51.18, 0, 0],
		[80, "U1_3", 2279.33, -723.7, "T", "SMD", "LAD2", "", "R", 78.74, 51.18, 0, 0],
		[81, "U1_4", 2279.33, -823.7, "T", "SMD", "LAD3", "", "R", 78.74, 51.18, 0, 0],
		[82, "U1_5", 2279.33, -923.7, "T", "SMD", "LCLK", "", "R", 78.74, 51.18, 0, 0],
		[83, "U1_6", 2279.33, -1023.7, "T", "SMD", "LFRAME", "", "R", 78.74, 51.18, 0, 0],
		[84, "U1_7", 2279.33, -1123.7, "T", "SMD", "D0", "", "R", 78.74, 51.18, 0, 0],
		[85, "U1_8", 2279.33, -1223.7, "T", "SMD", "RST", "", "R", 78.74, 51.18, 0, 0],
		[86, "U1_9", 2279.33, -1323.7, "T", "SMD", "3.3V", "", "R", 78.74, 51.18, 0, 0],
		[87, "U1_10", 2125, -1386.3, "T", "SMD", "U1_10", "", "R", 51.18, 78.74, 0, 0],
		[88, "U1_11", 2025, -1386.3, "T", "SMD", "U1_11", "", "R", 51.18, 78.74, 0, 0],
		[89, "U1_12", 1925, -1386.3, "T", "SMD", "STS_LED", "", "R", 51.18, 78.74, 0, 0],
		[90, "U1_13", 1825, -1386.3, "T", "SMD", "EX_SDA", "", "R", 51.18, 78.74, 0, 0],
		[91, "U1_14", 1725, -1386.29, "T", "SMD", "EX_SCL", "", "R", 78.74, 51.18, 0, 270],
		[92, "U1_15", 1570.67, -1323.7, "T", "SMD", "DISP_SPI_SCK", "", "R", 78.74, 51.18, 0, 0],
		[93, "U1_16", 1570.67, -1223.7, "T", "SMD", "DISP_SPI_TX", "", "R", 78.74, 51.18, 0, 0],
		[94, "U1_17", 1570.67, -1123.7, "T", "SMD", "DISP_CSN2", "", "R", 78.74, 51.18, 0, 0],
		[95, "U1_18", 1570.67, -1023.7, "T", "SMD", "DISP_CSN1", "", "R", 78.74, 51.18, 0, 0],
		[96, "U1_19", 1570.67, -923.7, "T", "SMD", "U1_19", "", "R", 78.74, 51.18, 0, 0],
		[97, "U1_20", 1570.67, -823.7, "T", "SMD", "U1_20", "", "R", 78.74, 51.18, 0, 0],
		[98, "U1_21", 1570.67, -723.7, "T", "SMD", "U1_21", "", "R", 78.74, 51.18, 0, 0],
		[99, "U1_22", 1570.67, -623.7, "T", "SMD", "GND", "GND", "R", 78.74, 51.18, 0, 0],
		[100, "U1_23", 1570.67, -523.7, "T", "SMD", "$1N384", "", "R", 78.74, 51.18, 0, 0],
		[101, "VSEL_1", 2530.74, -1591.22, "B", "SMD", "D5V", "", "R", 27.56, 58.66, 0, 45.801],
		[102, "VSEL_2", 2503.3, -1619.45, "B", "SMD", "VOUT", "", "R", 27.56, 58.66, 0, 45.801],
		[103, "VSEL_3", 2475.85, -1647.67, "B", "SMD", "3.3V", "", "R", 27.56, 58.66, 0, 45.801],
		[104, "VSEL_4", 2663.56, -1621.52, "B", "SMD", "GND", "GND", "R", 31.5, 39.37, 0, 315.801],
		[105, "VSEL_4", 2509.85, -1779.58, "B", "SMD", "GND", "GND", "R", 31.5, 39.37, 0, 315.801],
		[106, "VSEL_4", 2601.46, -1561.14, "B", "SMD", "GND", "GND", "R", 31.5, 39.37, 0, 315.801],
		[107, "VSEL_4", 2447.76, -1719.19, "B", "SMD", "GND", "GND", "R", 31.5, 39.37, 0, 315.801]
	]
}
}