{
"lengthUnit": "mil",
"components": {
	"fields": ["COMPONENT_NO", "COMPONENT_NAME", "LAYER", "X_COORDINATE", "Y_COORDINATE", "ANGLE"],
	"rows": [
		[1, "D0", "T", 3179.84, 858.31, 0],
		[2, "D1", "T", 2880, 1485, 0],
		[3, "DISP", "T", 2155, 545, 0],
		[4, "EXP", "T", 2975, 675, 45.707],
		[5, "F1", "B", 2490, 550, 180],
		[6, "LED1", "T", 2880, 1060, 90],
		[7, "LPC", "T", 3100, 1365, 90],
		[8, "Q1", "B", 2730, 570, 180],
		[9, "R1", "T", 2880, 1265, 90],
		[10, "RGB", "T", 2386.53, 694.59, 0],
		[11, "RGB_EXP", "T", 2615, 545, 0],
		[12, "RN1", "T", 2890, 1685, 90],
		[13, "U1", "T", 2355, 1295, 0],
		[14, "VSEL", "B", 3006.55, 646.09, 224.441]
	]
},
"pins": {
	"fields": ["PIN_NO", "PIN_NAME", "PIN_X", "PIN_Y", "LAYER", "PIN_TYPE", "NET_NAME", "NET_TYPE", "PAD_SHAPE", "PAD_SIZEX", "PAD_SIZEY", "HOLE_SIZE", "PAD_ANGLE"],
	"rows": [
		[1, "D0_1", 3179.84, 858.31, "T", "SMD", "D0", "", "O", 120, 80, 0, 0],
		[2, "D1_1", 2833.84, 1485, "T", "SMD", "5VO", "", "R", 39.37, 29.53, 0, 0],
		[3, "D1_2", 2926.16, 1485, "T", "SMD", "5V", "", "R", 39.37, 29.53, 0, 0],
		[4, "DISP_1", 2056.57, 621.28, "T", "SMD", "VOUT", "", "R", 23.62, 61.02, 0, 0],
		[5, "DISP_2", 2095.95, 621.28, "T", "SMD", "DISP_SPI_TX", "", "R", 23.62, 61.02, 0, 0],
		[6, "DISP_3", 2135.32, 621.28, "T", "SMD", "DISP_SPI_SCK", "", "R", 23.62, 61.02, 0, 0],
		[7, "DISP_4", 2174.69, 621.28, "T", "SMD", "DISP_CSN2", "", "R", 23.62, 61.02, 0, 0],
		[8, "DISP_5", 2214.06, 621.28, "T", "SMD", "DISP_CSN1", "", "R", 23.62, 61.02, 0, 0],
		[9, "DISP_6", 2253.43, 621.28, "T", "SMD", "GND", "GND", "R", 23.62, 61.02, 0, 0],
		[10, "DISP_7", 2304.6, 468.72, "T", "SMD", "GND", "GND", "R", 59.05, 78.74, 0, 0],
		[11, "DISP_8", 2005.39, 468.72, "T", "SMD", "GND", "GND", "R", 59.05, 78.74, 0, 0],
		[12, "EXP_1", 2851.67, 657.82, "T", "SMD", "GND", "GND", "R", 23.62, 61.02, 0, 45.707],
		[13, "EXP_2", 2879.17, 686, "T", "SMD", "XSCL", "", "R", 23.62, 61.02, 0, 45.707],
		[14, "EXP_3", 2906.66, 714.18, "T", "SMD", "EX_SDA", "", "R", 23.62, 61.02, 0, 45.707],
		[15, "EXP_4", 2934.15, 742.36, "T", "SMD", "EX_SCL", "", "R", 23.62, 61.02, 0, 45.707],
		[16, "EXP_5", 2961.64, 770.54, "T", "SMD", "XSDA", "", "R", 23.62, 61.02, 0, 45.707],
		[17, "EXP_6", 2989.14, 798.72, "T", "SMD", "5VO", "", "R", 23.62, 61.02, 0, 45.707],
		[18, "EXP_7", 3134.07, 728.81, "T", "SMD", "GND", "GND", "R", 59.05, 78.74, 0, 45.707],
		[19, "EXP_8", 2925.12, 514.65, "T", "SMD", "GND", "GND", "R", 59.05, 78.74, 0, 45.707],
		[20, "F1_1", 2519.66, 550, "B", "SMD", "D5V", "", "R", 31.75, 34.02, 0, 180],
		[21, "F1_2", 2460.34, 550, "B", "SMD", "D5V1", "", "R", 31.75, 34.02, 0, 180],
		[22, "LED1_1", 2880, 1016.69, "T", "SMD", "$1N1410", "", "R", 39.37, 49.21, 0, 270],
		[23, "LED1_2", 2880, 1103.31, "T", "SMD", "5V", "", "R", 39.37, 49.21, 0, 270],
		[24, "LPC_1", 3150, 1015, "T", "DIP", "LCLK", "", "R", 78.74, 78.74, 55.12, 90],
		[25, "LPC_1", 3150, 1015, "B", "DIP", "LCLK", "", "R", 78.74, 78.74, 55.12, 90],
		[26, "LPC_2", 3050, 1015, "T", "DIP", "GND", "GND", "C", 78.74, 78.74, 55.12, 90],
		[27, "LPC_2", 3050, 1015, "B", "DIP", "GND", "GND", "C", 78.74, 78.74, 55.12, 90],
		[28, "LPC_3", 3150, 1115, "T", "DIP", "LFRAME", "", "C", 78.74, 78.74, 55.12, 90],
		[29, "LPC_3", 3150, 1115, "B", "DIP", "LFRAME", "", "C", 78.74, 78.74, 55.12, 90],
		[30, "LPC_4", 3050, 1115, "T", "DIP", "LPC_4", "", "C", 78.74, 78.74, 55.12, 90],
		[31, "LPC_4", 3050, 1115, "B", "DIP", "LPC_4", "", "C", 78.74, 78.74, 55.12, 90],
		[32, "LPC_5", 3150, 1215, "T", "DIP", "RST", "", "C", 78.74, 78.74, 55.12, 90],
		[33, "LPC_5", 3150, 1215, "B", "DIP", "RST", "", "C", 78.74, 78.74, 55.12, 90],
		[34, "LPC_6", 3050, 1215, "T", "DIP", "5V", "", "C", 78.74, 78.74, 55.12, 90],
		[35, "LPC_6", 3050, 1215, "B", "DIP", "5V", "", "C", 78.74, 78.74, 55.12, 90],
		[36, "LPC_7", 3150, 1315, "T", "DIP", "XLAD3", "", "C", 78.74, 78.74, 55.12, 90],
		[37, "LPC_7", 3150, 1315, "B", "DIP", "XLAD3", "", "C", 78.74, 78.74, 55.12, 90],
		[38, "LPC_8", 3050, 1315, "T", "DIP", "XLAD2", "", "C", 78.74, 78.74, 55.12, 90],
		[39, "LPC_8", 3050, 1315, "B", "DIP", "XLAD2", "", "C", 78.74, 78.74, 55.12, 90],
		[40, "LPC_9", 3150, 1415, "T", "DIP", "3.3V", "", "C", 78.74, 78.74, 55.12, 90],
		[41, "LPC_9", 3150, 1415, "B", "DIP", "3.3V", "", "C", 78.74, 78.74, 55.12, 90],
		[42, "LPC_10", 3050, 1415, "T", "DIP", "XLAD1", "", "C", 78.74, 78.74, 55.12, 90],
		[43, "LPC_10", 3050, 1415, "B", "DIP", "XLAD1", "", "C", 78.74, 78.74, 55.12, 90],
		[44, "LPC_11", 3150, 1515, "T", "DIP", "XLAD0", "", "C", 78.74, 78.74, 55.12, 90],
		[45, "LPC_11", 3150, 1515, "B", "DIP", "XLAD0", "", "C", 78.74, 78.74, 55.12, 90],
		[46, "LPC_12", 3050, 1515, "T", "DIP", "GND", "GND", "C", 78.74, 78.74, 55.12, 90],
		[47, "LPC_12", 3050, 1515, "B", "DIP", "GND", "GND", "C", 78.74, 78.74, 55.12, 90],
		[48, "LPC_13", 3150, 1615, "T", "DIP", "XSCL", "", "C", 78.74, 78.74, 55.12, 90],
		[49, "LPC_13", 3150, 1615, "B", "DIP", "XSCL", "", "C", 78.74, 78.74, 55.12, 90],
		[50, "LPC_14", 3050, 1615, "T", "DIP", "XSDA", "", "C", 78.74, 78.74, 55.12, 90],
		[51, "LPC_14", 3050, 1615, "B", "DIP", "XSDA", "", "C", 78.74, 78.74, 55.12, 90],
		[52, "LPC_15", 3150, 1715, "T", "DIP", "3.3V", "", "C", 78.74, 78.74, 55.12, 90],
		[53, "LPC_15", 3150, 1715, "B", "DIP", "3.3V", "", "C", 78.74, 78.74, 55.12, 90],
		[54, "LPC_16", 3050, 1715, "T", "DIP", "LPC_16", "", "C", 78.74, 78.74, 55.12, 90],
		[55, "LPC_16", 3050, 1715, "B", "DIP", "LPC_16", "", "C", 78.74, 78.74, 55.12, 90],
		[56, "Q1_1", 2690.63, 532.6, "B", "SMD", "5V", "", "R", 49.21, 27.56, 0, 180],
		[57, "Q1_2", 2690.63, 607.4, "B", "SMD", "3.3V", "", "R", 49.21, 27.56, 0, 180],
		[58, "Q1_3", 2769.37, 570, "B", "SMD", "D5V1", "", "R", 49.21, 27.56, 0, 180],
		[59, "R1_1", 2880, 1225.63, "T", "SMD", "$1N1410", "", "R", 44.59, 54.21, 0, 90],
		[60, "R1_2", 2880, 1304.37, "T", "SMD", "STS_LED", "", "R", 44.59, 54.21, 0, 90],
		[61, "RGB_1", 2386.53, 694.59, "T", "SMD", "RGB", "", "O", 120, 80, 0, 0],
		[62, "RGB_EXP_1", 2516.57, 621.28, "T", "SMD", "RGB", "", "R", 23.62, 61.02, 0, 0],
		[63, "RGB_EXP_2", 2555.95, 621.28, "T", "SMD", "3.3V", "", "R", 23.62, 61.02, 0, 0],
		[64, "RGB_EXP_3", 2595.32, 621.28, "T", "SMD", "GND", "GND", "R", 23.62, 61.02, 0, 0],
		[65, "RGB_EXP_4", 2634.69, 621.28, "T", "SMD", "RGB_EXP_4", "", "R", 23.62, 61.02, 0, 0],
		[66, "RGB_EXP_5", 2674.06, 621.28, "T", "SMD", "GND", "GND", "R", 23.62, 61.02, 0, 0],
		[67, "RGB_EXP_6", 2713.43, 621.28, "T", "SMD", "5VO", "", "R", 23.62, 61.02, 0, 0],
		[68, "RGB_EXP_7", 2764.6, 468.72, "T", "SMD", "GND", "GND", "R", 59.05, 78.74, 0, 0],
		[69, "RGB_EXP_8", 2465.39, 468.72, "T", "SMD", "GND", "GND", "R", 59.05, 78.74, 0, 0],
		[70, "RN1_1", 2920.32, 1631.85, "T", "SMD", "XLAD3", "", "R", 35.43, 29.53, 0, 180],
		[71, "RN1_2", 2920.32, 1669.25, "T", "SMD", "XLAD2", "", "R", 35.43, 22.84, 0, 180],
		[72, "RN1_3", 2920.32, 1700.75, "T", "SMD", "XLAD1", "", "R", 35.43, 22.84, 0, 180],
		[73, "RN1_4", 2920.32, 1738.15, "T", "SMD", "XLAD0", "", "R", 35.43, 29.53, 0, 180],
		[74, "RN1_5", 2859.68, 1738.15, "T", "SMD", "LAD0", "", "R", 35.43, 29.53, 0, 180],
		[75, "RN1_6", 2859.68, 1700.75, "T", "SMD", "LAD1", "", "R", 35.43, 22.84, 0, 180],
		[76, "RN1_7", 2859.68, 1669.25, "T", "SMD", "LAD2", "", "R", 35.43, 22.84, 0, 180],
		[77, "RN1_8", 2859.68, 1631.85, "T", "SMD", "LAD3", "", "R", 35.43, 29.53, 0, 180],
		[78, "U1_1", 2709.33, 1726.3, "T", "SMD", "LAD0", "", "R", 78.74, 51.18, 0, 0],
		[79, "U1_2", 2709.33, 1626.3, "T", "SMD", "LAD1", "", "R", 78.74, 51.18, 0, 0],
		[80, "U1_3", 2709.33, 1526.3, "T", "SMD", "LAD2", "", "R", 78.74, 51.18, 0, 0],
		[81, "U1_4", 2709.33, 1426.3, "T", "SMD", "LAD3", "", "R", 78.74, 51.18, 0, 0],
		[82, "U1_5", 2709.33, 1326.3, "T", "SMD", "LCLK", "", "R", 78.74, 51.18, 0, 0],
		[83, "U1_6", 2709.33, 1226.3, "T", "SMD", "LFRAME", "", "R", 78.74, 51.18, 0, 0],
		[84, "U1_7", 2709.33, 1126.3, "T", "SMD", "D0", "", "R", 78.74, 51.18, 0, 0],
		[85, "U1_8", 2709.33, 1026.3, "T", "SMD", "RST", "", "R", 78.74, 51.18, 0, 0],
		[86, "U1_9", 2709.33, 926.3, "T", "SMD", "3.3V", "", "R", 78.74, 51.18, 0, 0],
		[87, "U1_10", 2555, 863.7, "T", "SMD", "U1_10", "", "R", 51.18, 78.74, 0, 0],
		[88, "U1_11", 2455, 863.7, "T", "SMD", "U1_11", "", "R", 51.18, 78.74, 0, 0],
		[89, "U1_12", 2355, 863.7, "T", "SMD", "STS_LED", "", "R", 51.18, 78.74, 0, 0],
		[90, "U1_13", 2255, 863.7, "T", "SMD", "EX_SDA", "", "R", 51.18, 78.74, 0, 0],
		[91, "U1_14", 2155, 863.71, "T", "SMD", "EX_SCL", "", "R", 78.74, 51.18, 0, 270],
		[92, "U1_15", 2000.67, 926.3, "T", "SMD", "DISP_SPI_SCK", "", "R", 78.74, 51.18, 0, 0],
		[93, "U1_16", 2000.67, 1026.3, "T", "SMD", "DISP_SPI_TX", "", "R", 78.74, 51.18, 0, 0],
		[94, "U1_17", 2000.67, 1126.3, "T", "SMD", "DISP_CSN2", "", "R", 78.74, 51.18, 0, 0],
		[95, "U1_18", 2000.67, 1226.3, "T", "SMD", "DISP_CSN1", "", "R", 78.74, 51.18, 0, 0],
		[96, "U1_19", 2000.67, 1326.3, "T", "SMD", "U1_19", "", "R", 78.74, 51.18, 0, 0],
		[97, "U1_20", 2000.67, 1426.3, "T", "SMD", "U1_20", "", "R", 78.74, 51.18, 0, 0],
		[98, "U1_21", 2000.67, 1526.3, "T", "SMD", "U1_21", "", "R", 78.74, 51.18, 0, 0],
		[99, "U1_22", 2000.67, 1626.3, "T", "SMD", "GND", "GND", "R", 78.74, 51.18, 0, 0],
		[100, "U1_23", 2000.67, 1726.3, "T", "SMD", "5VO", "", "R", 78.74, 51.18, 0, 0],
		[101, "VSEL_1", 2993.93, 715.18, "B", "SMD", "D5V", "", "R", 27.56, 58.66, 0, 44.441],
		[102, "VSEL_2", 2965.82, 687.62, "B", "SMD", "VOUT", "", "R", 27.56, 58.66, 0, 44.441],
		[103, "VSEL_3", 2937.71, 660.05, "B", "SMD", "3.3V", "", "R", 27.56, 58.66, 0, 44.441],
		[104, "VSEL_4", 3125.99, 681.74, "B", "SMD", "GND", "GND", "R", 31.5, 39.37, 0, 314.442],
		[105, "VSEL_4", 2968.58, 527.37, "B", "SMD", "GND", "GND", "R", 31.5, 39.37, 0, 314.442],
		[106, "VSEL_4", 3065.34, 743.59, "B", "SMD", "GND", "GND", "R", 31.5, 39.37, 0, 314.442],
		[107, "VSEL_4", 2907.93, 589.22, "B", "SMD", "GND", "GND", "R", 31.5, 39.37, 0, 314.442]
	]
}
}