{
"lengthUnit": "mil",
"components": {
	"fields": ["COMPONENT_NO", "COMPONENT_NAME", "LAYER", "X_COORDINATE", "Y_COORDINATE", "ANGLE"],
	"rows": [
		[1, "C1", "T", 2206.88, 648.78, 90],
		[2, "C2", "T", 2492.49, 648.15, 90],
		[3, "DISP", "T", 1960, 705, 270],
		[4, "L1", "T", 2259.1, 843.15, 0],
		[5, "P3P4", "T", 2670, 695, 90],
		[6, "R1", "T", 2445, 840, 0],
		[7, "R2", "T", 2432.34, 486.15, 0],
		[8, "U1", "T", 2355, 650, 270]
	]
},
"pins": {
	"fields": ["PIN_NO", "PIN_NAME", "PIN_X", "PIN_Y", "LAYER", "PIN_TYPE", "NET_NAME", "NET_TYPE", "PAD_SHAPE", "PAD_SIZEX", "PAD_SIZEY", "HOLE_SIZE", "PAD_ANGLE"],
	"rows": [
		[1, "C1_1", 2206.88, 609.41, "T", "SMD", "GND", "GND", "R", 55.51, 53.15, 0, 90],
		[2, "C1_2", 2206.88, 688.15, "T", "SMD", "$1N515", "", "R", 55.51, 53.15, 0, 90],
		[3, "C2_1", 2492.49, 608.78, "T", "SMD", "GND", "GND", "R", 55.51, 53.15, 0, 90],
		[4, "C2_2", 2492.49, 687.52, "T", "SMD", "3.3V", "", "R", 55.51, 53.15, 0, 90],
		[5, "DISP_1", 2030.47, 803.42, "T", "SMD", "5V", "", "R", 59.05, 15.75, 0, 0],
		[6, "DISP_2", 2030.47, 764.05, "T", "SMD", "DISP_SPI_TX", "", "R", 59.05, 15.75, 0, 0],
		[7, "DISP_3", 2030.47, 724.69, "T", "SMD", "DISP_SPI_CLK", "", "R", 59.05, 15.75, 0, 0],
		[8, "DISP_4", 2030.47, 685.31, "T", "SMD", "DISP_CSN2", "", "R", 59.05, 15.75, 0, 0],
		[9, "DISP_5", 2030.47, 645.94, "T", "SMD", "DISP_CSN1", "", "R", 59.05, 15.75, 0, 0],
		[10, "DISP_6", 2030.47, 606.57, "T", "SMD", "GND", "GND", "R", 59.05, 15.75, 0, 0],
		[11, "DISP_7", 1889.53, 563.27, "T", "SMD", "GND", "GND", "R", 59.05, 39.37, 0, 0],
		[12, "DISP_8", 1889.53, 846.73, "T", "SMD", "GND", "GND", "R", 59.05, 39.37, 0, 0],
		[13, "L1_1", 2221.06, 843.15, "T", "SMD", "5V", "", "R", 44.59, 54.21, 0, 0],
		[14, "L1_2", 2297.14, 843.15, "T", "SMD", "$1N515", "", "R", 44.59, 54.21, 0, 0],
		[15, "P3P4_1", 2630.63, 498.15, "T", "DIP", "5V", "", "R", 55.12, 55.12, 31.5, 90],
		[16, "P3P4_1", 2630.63, 498.15, "B", "DIP", "5V", "", "R", 55.12, 55.12, 31.5, 90],
		[17, "P3P4_2", 2709.37, 498.15, "T", "DIP", "3.3V", "", "C", 55.12, 55.12, 31.5, 90],
		[18, "P3P4_2", 2709.37, 498.15, "B", "DIP", "3.3V", "", "C", 55.12, 55.12, 31.5, 90],
		[19, "P3P4_3", 2630.63, 576.89, "T", "DIP", "DISP_CSN1", "", "C", 55.12, 55.12, 31.5, 90],
		[20, "P3P4_3", 2630.63, 576.89, "B", "DIP", "DISP_CSN1", "", "C", 55.12, 55.12, 31.5, 90],
		[21, "P3P4_4", 2709.37, 576.89, "T", "DIP", "P3P4_4", "", "C", 55.12, 55.12, 31.5, 90],
		[22, "P3P4_4", 2709.37, 576.89, "B", "DIP", "P3P4_4", "", "C", 55.12, 55.12, 31.5, 90],
		[23, "P3P4_5", 2630.63, 655.63, "T", "DIP", "DISP_CSN2", "", "C", 55.12, 55.12, 31.5, 90],
		[24, "P3P4_5", 2630.63, 655.63, "B", "DIP", "DISP_CSN2", "", "C", 55.12, 55.12, 31.5, 90],
		[25, "P3P4_6", 2709.37, 655.63, "T", "DIP", "P3P4_6", "", "C", 55.12, 55.12, 31.5, 90],
		[26, "P3P4_6", 2709.37, 655.63, "B", "DIP", "P3P4_6", "", "C", 55.12, 55.12, 31.5, 90],
		[27, "P3P4_7", 2630.63, 734.37, "T", "DIP", "DISP_SPI_CLK", "", "C", 55.12, 55.12, 31.5, 90],
		[28, "P3P4_7", 2630.63, 734.37, "B", "DIP", "DISP_SPI_CLK", "", "C", 55.12, 55.12, 31.5, 90],
		[29, "P3P4_8", 2709.37, 734.37, "T", "DIP", "P3P4_8", "", "C", 55.12, 55.12, 31.5, 90],
		[30, "P3P4_8", 2709.37, 734.37, "B", "DIP", "P3P4_8", "", "C", 55.12, 55.12, 31.5, 90],
		[31, "P3P4_9", 2630.63, 813.11, "T", "DIP", "DISP_SPI_TX", "", "C", 55.12, 55.12, 31.5, 90],
		[32, "P3P4_9", 2630.63, 813.11, "B", "DIP", "DISP_SPI_TX", "", "C", 55.12, 55.12, 31.5, 90],
		[33, "P3P4_10", 2709.37, 813.11, "T", "DIP", "P3P4_10", "", "C", 55.12, 55.12, 31.5, 90],
		[34, "P3P4_10", 2709.37, 813.11, "B", "DIP", "P3P4_10", "", "C", 55.12, 55.12, 31.5, 90],
		[35, "P3P4_11", 2630.63, 891.85, "T", "DIP", "GND", "GND", "C", 55.12, 55.12, 31.5, 90],
		[36, "P3P4_11", 2630.63, 891.85, "B", "DIP", "GND", "GND", "C", 55.12, 55.12, 31.5, 90],
		[37, "P3P4_12", 2709.37, 891.85, "T", "DIP", "GND", "GND", "C", 55.12, 55.12, 31.5, 90],
		[38, "P3P4_12", 2709.37, 891.85, "B", "DIP", "GND", "GND", "C", 55.12, 55.12, 31.5, 90],
		[39, "R1_1", 2405.63, 840, "T", "SMD", "DISP_SPI_CLK", "", "R", 44.59, 54.21, 0, 0],
		[40, "R1_2", 2484.37, 840, "T", "SMD", "DISP_SPI_CLK", "", "R", 44.59, 54.21, 0, 0],
		[41, "R2_1", 2392.97, 486.15, "T", "SMD", "DISP_SPI_TX", "", "R", 44.59, 54.21, 0, 0],
		[42, "R2_2", 2471.71, 486.15, "T", "SMD", "DISP_SPI_TX", "", "R", 44.59, 54.21, 0, 0],
		[43, "U1_1", 2311.69, 687.4, "T", "SMD", "$1N515", "", "R", 23.62, 39.37, 0, 270],
		[44, "U1_2", 2311.69, 650, "T", "SMD", "GND", "GND", "R", 23.62, 39.37, 0, 270],
		[45, "U1_3", 2311.69, 612.6, "T", "SMD", "$1N515", "", "R", 23.62, 39.37, 0, 270],
		[46, "U1_4", 2398.31, 612.6, "T", "SMD", "U1_4", "", "R", 23.62, 39.37, 0, 270],
		[47, "U1_5", 2398.31, 687.4, "T", "SMD", "3.3V", "", "R", 23.62, 39.37, 0, 270]
	]
}
}