{
"lengthUnit": "mil",
"components": {
	"fields": ["COMPONENT_NO", "COMPONENT_NAME", "LAYER", "X_COORDINATE", "Y_COORDINATE", "ANGLE"],
	"rows": [
		[1, "3.3V_StdBy", "T", 1885.64, 920.05, 0],
		[2, "BAT1", "T", 855, 480, 0],
		[3, "C1", "T", 1640.8, 806.95, 90],
		[4, "C2", "T", 1774.99, 568.15, 0],
		[5, "C3", "T", 1497.16, 588.15, 0],
		[6, "CN1", "T", 1845, 250, 90],
		[7, "D1", "T", 1815, 765, 0],
		[8, "L1", "T", 1386.59, 173.15, 0],
		[9, "U1", "T", 1375, 870, 90],
		[10, "U2", "T", 1480, 345, 0]
	]
},
"pins": {
	"fields": ["PIN_NO", "PIN_NAME", "PIN_X", "PIN_Y", "LAYER", "PIN_TYPE", "NET_NAME", "NET_TYPE", "PAD_SHAPE", "PAD_SIZEX", "PAD_SIZEY", "HOLE_SIZE", "PAD_ANGLE"],
	"rows": [
		[1, "3.3V_StdBy_1", 1885.64, 920.05, "T", "SMD", "$1N1216", "", "C", 60, 60, 0, 0],
		[2, "BAT1_1", 1255.59, 480, "T", "DIP", "VBAT", "", "C", 78.74, 78.74, 47.24, 0],
		[3, "BAT1_1", 1255.59, 480, "B", "DIP", "VBAT", "", "C", 78.74, 78.74, 47.24, 0],
		[4, "BAT1_2", 454.41, 480, "T", "DIP", "GND", "GND", "C", 78.74, 78.74, 47.24, 0],
		[5, "BAT1_2", 454.41, 480, "B", "DIP", "GND", "GND", "C", 78.74, 78.74, 47.24, 0],
		[6, "C1_1", 1640.8, 767.58, "T", "SMD", "$1N1216", "", "R", 55.51, 53.15, 0, 90],
		[7, "C1_2", 1640.8, 846.32, "T", "SMD", "GND", "GND", "R", 55.51, 53.15, 0, 90],
		[8, "C2_1", 1735.62, 568.15, "T", "SMD", "GND", "GND", "R", 55.51, 53.15, 0, 0],
		[9, "C2_2", 1814.36, 568.15, "T", "SMD", "$1N735", "", "R", 55.51, 53.15, 0, 0],
		[10, "C3_1", 1457.79, 588.15, "T", "SMD", "GND", "GND", "R", 55.51, 53.15, 0, 0],
		[11, "C3_2", 1536.53, 588.15, "T", "SMD", "3.3V", "", "R", 55.51, 53.15, 0, 0],
		[12, "CN1_1", 1774.53, 151.58, "T", "SMD", "GND", "GND", "R", 59.05, 15.75, 0, 180],
		[13, "CN1_2", 1774.53, 190.95, "T", "SMD", "XSCL", "", "R", 59.05, 15.75, 0, 180],
		[14, "CN1_3", 1774.53, 230.31, "T", "SMD", "EX_SDA", "", "R", 59.05, 15.75, 0, 180],
		[15, "CN1_4", 1774.53, 269.69, "T", "SMD", "EX_SCL", "", "R", 59.05, 15.75, 0, 180],
		[16, "CN1_5", 1774.53, 309.06, "T", "SMD", "XSDA", "", "R", 59.05, 15.75, 0, 180],
		[17, "CN1_6", 1774.53, 348.43, "T", "SMD", "5V", "", "R", 59.05, 15.75, 0, 180],
		[18, "CN1_7", 1915.47, 391.73, "T", "SMD", "GND", "GND", "R", 59.05, 39.37, 0, 180],
		[19, "CN1_8", 1915.47, 108.27, "T", "SMD", "GND", "GND", "R", 59.05, 39.37, 0, 180],
		[20, "D1_1", 1768.84, 765, "T", "SMD", "$1N1216", "", "R", 39.37, 29.53, 0, 0],
		[21, "D1_2", 1861.16, 765, "T", "SMD", "3.3V", "", "R", 39.37, 29.53, 0, 0],
		[22, "L1_1", 1348.55, 173.15, "T", "SMD", "5V", "", "R", 44.59, 54.21, 0, 0],
		[23, "L1_2", 1424.63, 173.15, "T", "SMD", "$1N735", "", "R", 44.59, 54.21, 0, 0],
		[24, "U1_1", 1484.15, 795, "T", "SMD", "U1_1", "", "O", 23.15, 80.51, 0, 90],
		[25, "U1_2", 1484.15, 845, "T", "SMD", "$1N1216", "", "O", 23.15, 80.51, 0, 90],
		[26, "U1_3", 1484.15, 895, "T", "SMD", "U1_3", "", "O", 23.15, 80.51, 0, 90],
		[27, "U1_4", 1484.15, 945, "T", "SMD", "U1_4", "", "O", 23.15, 80.51, 0, 90],
		[28, "U1_5", 1265.85, 945, "T", "SMD", "GND", "GND", "O", 23.15, 80.51, 0, 90],
		[29, "U1_6", 1265.85, 895, "T", "SMD", "VBAT", "", "O", 23.15, 80.51, 0, 90],
		[30, "U1_7", 1265.85, 845, "T", "SMD", "XSDA", "", "O", 23.15, 80.51, 0, 90],
		[31, "U1_8", 1265.85, 795, "T", "SMD", "XSCL", "", "O", 23.15, 80.51, 0, 90],
		[32, "U2_1", 1429.94, 382.4, "T", "SMD", "$1N735", "", "R", 21.65, 39.37, 0, 270],
		[33, "U2_2", 1429.94, 345, "T", "SMD", "GND", "GND", "R", 21.65, 39.37, 0, 270],
		[34, "U2_3", 1429.94, 307.59, "T", "SMD", "$1N735", "", "R", 21.65, 39.37, 0, 270],
		[35, "U2_4", 1530.06, 307.59, "T", "SMD", "U2_4", "", "R", 21.65, 39.37, 0, 270],
		[36, "U2_5", 1530.06, 382.4, "T", "SMD", "3.3V", "", "R", 21.65, 39.37, 0, 270]
	]
}
}