{
"lengthUnit": "mil",
"components": {
	"fields": ["COMPONENT_NO", "COMPONENT_NAME", "LAYER", "X_COORDINATE", "Y_COORDINATE", "ANGLE"],
	"rows": [
		[1, "3.3V", "T", 1082.5, -449.08, 0],
		[2, "5V", "T", 1082.5, -363.45, 0],
		[3, "C1", "T", 442.51, -761.85, 0],
		[4, "C2", "T", 617.33, -761.85, 0],
		[5, "DISP_CSN1", "T", 1087.5, -811.6, 0],
		[6, "DISP_CSN2", "T", 1082.5, -720.97, 0],
		[7, "DISP_IN", "T", 166.42, -602.23, 270],
		[8, "DISP_SPI_SCK(SDA)", "T", 1082.5, -630.34, 0],
		[9, "DISP_SPI_TX(SCL)", "T", 1082.5, -534.71, 0],
		[10, "GND", "T", 1087.5, -907.23, 0],
		[11, "L1", "T", 414.1, -416.85, 0],
		[12, "R1", "T", 592.34, -415.96, 0],
		[13, "R2", "T", 767.34, -413.85, 0],
		[14, "U1", "T", 515, -600, 0]
	]
},
"pins": {
	"fields": ["PIN_NO", "PIN_NAME", "PIN_X", "PIN_Y", "LAYER", "PIN_TYPE", "NET_NAME", "NET_TYPE", "PAD_SHAPE", "PAD_SIZEX", "PAD_SIZEY", "HOLE_SIZE", "PAD_ANGLE"],
	"rows": [
		[1, "3.3V_1", 1082.5, -449.08, "T", "SMD", "3.3V", "", "O", 80, 40, 0, 0],
		[2, "5V_1", 1082.5, -363.45, "T", "SMD", "5V", "", "O", 80, 40, 0, 0],
		[3, "C1_1", 403.14, -761.85, "T", "SMD", "GND", "GND", "R", 55.51, 53.15, 0, 0],
		[4, "C1_2", 481.88, -761.85, "T", "SMD", "$1N322", "", "R", 55.51, 53.15, 0, 0],
		[5, "C2_1", 577.96, -761.85, "T", "SMD", "GND", "GND", "R", 55.51, 53.15, 0, 0],
		[6, "C2_2", 656.7, -761.85, "T", "SMD", "3.3V", "", "R", 55.51, 53.15, 0, 0],
		[7, "DISP_CSN1_1", 1087.5, -811.6, "T", "SMD", "DISP_CSN1", "", "O", 80, 40, 0, 0],
		[8, "DISP_CSN2_1", 1082.5, -720.97, "T", "SMD", "DISP_CSN2", "", "O", 80, 40, 0, 0],
		[9, "DISP_IN_1", 236.88, -503.81, "T", "SMD", "5V", "", "R", 59.05, 15.75, 0, 0],
		[10, "DISP_IN_2", 236.89, -543.18, "T", "SMD", "DISP_SPI_TX", "", "R", 59.05, 15.75, 0, 0],
		[11, "DISP_IN_3", 236.89, -582.54, "T", "SMD", "DISP_SPI_SCK", "", "R", 59.05, 15.75, 0, 0],
		[12, "DISP_IN_4", 236.89, -621.92, "T", "SMD", "DISP_CSN2", "", "R", 59.05, 15.75, 0, 0],
		[13, "DISP_IN_5", 236.89, -661.29, "T", "SMD", "DISP_CSN1", "", "R", 59.05, 15.75, 0, 0],
		[14, "DISP_IN_6", 236.89, -700.66, "T", "SMD", "GND", "GND", "R", 59.05, 15.75, 0, 0],
		[15, "DISP_IN_7", 95.94, -743.96, "T", "SMD", "GND", "GND", "R", 59.05, 39.37, 0, 0],
		[16, "DISP_IN_8", 95.94, -460.5, "T", "SMD", "GND", "GND", "R", 59.05, 39.37, 0, 0],
		[17, "DISP_SPI_SCK(SDA)_1", 1082.5, -630.34, "T", "SMD", "DISP_SPI_SCK", "", "O", 80, 40, 0, 0],
		[18, "DISP_SPI_TX(SCL)_1", 1082.5, -534.71, "T", "SMD", "DISP_SPI_TX", "", "O", 80, 40, 0, 0],
		[19, "GND_1", 1087.5, -907.23, "T", "SMD", "GND", "GND", "O", 80, 40, 0, 0],
		[20, "L1_1", 376.06, -416.85, "T", "SMD", "5V", "", "R", 44.59, 54.21, 0, 0],
		[21, "L1_2", 452.14, -416.85, "T", "SMD", "$1N322", "", "R", 44.59, 54.21, 0, 0],
		[22, "R1_1", 552.97, -415.96, "T", "SMD", "DISP_SPI_SCK", "", "R", 44.59, 54.21, 0, 0],
		[23, "R1_2", 631.71, -415.96, "T", "SMD", "3.3V", "", "R", 44.59, 54.21, 0, 0],
		[24, "R2_1", 727.97, -413.85, "T", "SMD", "DISP_SPI_TX", "", "R", 44.59, 54.21, 0, 0],
		[25, "R2_2", 806.71, -413.85, "T", "SMD", "3.3V", "", "R", 44.59, 54.21, 0, 0],
		[26, "U1_1", 477.6, -643.31, "T", "SMD", "$1N322", "", "R", 23.62, 39.37, 0, 0],
		[27, "U1_2", 515, -643.31, "T", "SMD", "GND", "GND", "R", 23.62, 39.37, 0, 0],
		[28, "U1_3", 552.4, -643.31, "T", "SMD", "$1N322", "", "R", 23.62, 39.37, 0, 0],
		[29, "U1_4", 552.4, -556.69, "T", "SMD", "U1_4", "", "R", 23.62, 39.37, 0, 0],
		[30, "U1_5", 477.6, -556.69, "T", "SMD", "3.3V", "", "R", 23.62, 39.37, 0, 0]
	]
}
}