{
"lengthUnit": "mil",
"remark": [],
"components": {
	"fields": ["COMPONENT_NO", "COMPONENT_NAME", "LAYER", "X_COORDINATE", "Y_COORDINATE", "ANGLE"],
	"rows": [
		[1, "C1", "B", 2385, 570, 90],
		[2, "C2", "B", 2765, 555, 0],
		[3, "D0", "T", 3129.8425, 863.3075, 0],
		[4, "D1", "T", 2880, 1485, 0],
		[5, "DISP", "T", 2155, 545, 0],
		[6, "F1", "B", 2265, 550, 180],
		[7, "LED", "T", 2880, 1060, 90],
		[8, "LPC", "T", 3100, 1365, 90],
		[9, "R1", "B", 2460, 625, 0],
		[10, "R2", "T", 2880, 1265, 90],
		[11, "RGB", "T", 2386.532, 694.5885, 0],
		[12, "RGB_EXP", "T", 2550, 540, 0],
		[13, "RN1", "T", 2890, 1685, 90],
		[14, "U1", "T", 2355, 1295, 0],
		[15, "U2", "B", 2590, 590, 180],
		[16, "VSEL", "B", 3006.5512, 646.0874, 224.441],
		[17, "XBSMB", "T", 2980, 675, 45.244],
		[18, "PAD1", "T", 2926.165, 1485, 0],
		[19, "PAD2", "T", 2833.835, 1485, 0],
		[20, "PAD3", "T", 2056.572, 621.28, 0],
		[21, "PAD4", "T", 2095.952, 621.28, 0],
		[22, "PAD5", "T", 2135.322, 621.28, 0],
		[23, "PAD6", "T", 2174.692, 621.28, 0],
		[24, "PAD7", "T", 2214.062, 621.28, 0],
		[25, "PAD8", "T", 2253.432, 621.28, 0],
		[26, "PAD9", "T", 2304.602, 468.72, 0],
		[27, "PAD10", "T", 2005.392, 468.72, 0],
		[28, "PAD11", "T", 2880, 1016.69, 0],
		[29, "PAD12", "T", 2880, 1103.31, 0],
		[30, "PAD13", "T", 2880, 1304.37, 0],
		[31, "PAD14", "T", 2880, 1225.63, 0],
		[32, "PAD15", "T", 2386.532, 694.5885, 0],
		[33, "PAD16", "T", 2859.685, 1738.15, 0],
		[34, "PAD17", "T", 2920.315, 1738.15, 0],
		[35, "PAD18", "T", 2859.685, 1700.75, 0],
		[36, "PAD19", "T", 2920.315, 1700.75, 0],
		[37, "PAD20", "T", 2859.685, 1669.25, 0],
		[38, "PAD21", "T", 2920.315, 1669.25, 0],
		[39, "PAD22", "T", 2859.685, 1631.85, 0],
		[40, "PAD23", "T", 2920.315, 1631.85, 0],
		[41, "PAD24", "T", 2709.33, 926.3, 0],
		[42, "PAD25", "T", 2709.33, 1026.3, 0],
		[43, "PAD26", "T", 2709.33, 1126.3, 0],
		[44, "PAD27", "T", 2709.33, 1226.3, 0],
		[45, "PAD28", "T", 2709.33, 1326.3, 0],
		[46, "PAD29", "T", 2709.33, 1426.3, 0],
		[47, "PAD30", "T", 2709.33, 1526.3, 0],
		[48, "PAD31", "T", 2709.33, 1626.3, 0],
		[49, "PAD32", "T", 2709.33, 1726.3, 0],
		[50, "PAD33", "T", 2355, 863.7, 0],
		[51, "PAD34", "T", 2255, 863.7, 0],
		[52, "PAD35", "T", 2000.67, 926.3, 0],
		[53, "PAD36", "T", 2000.67, 1026.3, 0],
		[54, "PAD37", "T", 2000.67, 1126.3, 0],
		[55, "PAD38", "T", 2000.67, 1226.3, 0],
		[56, "PAD39", "T", 2000.67, 1626.3, 0],
		[57, "PAD40", "T", 2155, 863.71, 0],
		[58, "PAD41", "T", 2000.67, 1726.3, 0],
		[59, "PAD42", "T", 3150, 1015, 0],
		[60, "PAD42", "B", 3150, 1015, 0],
		[61, "PAD43", "T", 3050, 1015, 0],
		[62, "PAD43", "B", 3050, 1015, 0],
		[63, "PAD44", "T", 3150, 1115, 0],
		[64, "PAD44", "B", 3150, 1115, 0],
		[65, "PAD45", "T", 3150, 1215, 0],
		[66, "PAD45", "B", 3150, 1215, 0],
		[67, "PAD46", "T", 3050, 1215, 0],
		[68, "PAD46", "B", 3050, 1215, 0],
		[69, "PAD47", "T", 3150, 1315, 0],
		[70, "PAD47", "B", 3150, 1315, 0],
		[71, "PAD48", "T", 3050, 1315, 0],
		[72, "PAD48", "B", 3050, 1315, 0],
		[73, "PAD49", "T", 3150, 1415, 0],
		[74, "PAD49", "B", 3150, 1415, 0],
		[75, "PAD50", "T", 3050, 1415, 0],
		[76, "PAD50", "B", 3050, 1415, 0],
		[77, "PAD51", "T", 3150, 1515, 0],
		[78, "PAD51", "B", 3150, 1515, 0],
		[79, "PAD52", "T", 3050, 1515, 0],
		[80, "PAD52", "B", 3050, 1515, 0],
		[81, "PAD53", "T", 3150, 1615, 0],
		[82, "PAD53", "B", 3150, 1615, 0],
		[83, "PAD54", "T", 3050, 1615, 0],
		[84, "PAD54", "B", 3050, 1615, 0],
		[85, "PAD55", "T", 3150, 1715, 0],
		[86, "PAD55", "B", 3150, 1715, 0],
		[87, "PAD56", "T", 3129.8425, 863.3075, 0],
		[88, "PAD57", "B", 2235.34, 550, 0],
		[89, "PAD58", "B", 2294.66, 550, 0],
		[90, "PAD59", "B", 3125.9876, 681.7418, 0],
		[91, "PAD60", "B", 2968.5795, 527.373, 0],
		[92, "PAD61", "B", 3065.3379, 743.5855, 0],
		[93, "PAD62", "B", 2907.9299, 589.2167, 0],
		[94, "PAD63", "B", 2965.821, 687.6167, 0],
		[95, "PAD64", "B", 2937.7121, 660.0506, 0],
		[96, "PAD65", "B", 2993.9298, 715.1828, 0],
		[97, "PAD66", "B", 2385, 591.46, 0],
		[98, "PAD67", "B", 2385, 548.54, 0],
		[99, "PAD68", "B", 2786.46, 555, 0],
		[100, "PAD69", "B", 2743.54, 555, 0],
		[101, "PAD70", "B", 2477.04, 625, 0],
		[102, "PAD71", "B", 2442.96, 625, 0],
		[103, "PAD72", "T", 2459.45, 463.72, 0],
		[104, "PAD73", "T", 2589.37, 616.28, 0],
		[105, "PAD74", "T", 2550, 616.28, 0],
		[106, "PAD75", "T", 2510.63, 616.28, 0],
		[107, "PAD76", "T", 2640.55, 463.72, 0],
		[108, "PAD77", "B", 2536.85, 627.4, 0],
		[109, "PAD78", "B", 2536.85, 590, 0],
		[110, "PAD79", "B", 2536.85, 552.6, 0],
		[111, "PAD80", "B", 2643.15, 552.6, 0],
		[112, "PAD81", "B", 2643.15, 590, 0],
		[113, "PAD82", "T", 2987.9157, 778.0424, 0],
		[114, "PAD83", "T", 2960.1957, 750.0853, 0],
		[115, "PAD84", "T", 2877.0358, 666.214, 0],
		[116, "PAD85", "T", 2904.7558, 694.1711, 0],
		[117, "PAD86", "T", 2932.4757, 722.1282, 0],
		[118, "PAD87", "T", 3113.4583, 714.5409, 0],
		[119, "PAD88", "T", 2941.5972, 541.2097, 0]
	]
},
"pins": {
	"fields": ["PIN_NO", "PIN_NAME", "PIN_X", "PIN_Y", "LAYER", "PIN_TYPE", "NET_NAME", "NET_TYPE", "PAD_SHAPE", "PAD_SIZEX", "PAD_SIZEY", "HOLE_SIZE", "HOLE_LEN", "PAD_ANGLE"],
	"rows": [
		[1, "C1_1", 2385, 548.54, "B", "SMD", "5V", "", "R", 31.106, 21.26, 0, 0, 90],
		[2, "C1_2", 2385, 591.46, "B", "SMD", "GND", "GND", "R", 31.106, 21.26, 0, 0, 90],
		[3, "C2_1", 2743.54, 555, "B", "SMD", "5VO", "", "R", 31.106, 21.26, 0, 0, 0],
		[4, "C2_2", 2786.46, 555, "B", "SMD", "GND", "GND", "R", 31.106, 21.26, 0, 0, 0],
		[5, "D0_1", 3129.8425, 863.3075, "T", "SMD", "D0", "", "O", 120, 80, 0, 0, 0],
		[6, "D1_1", 2833.835, 1485, "T", "SMD", "5VX", "", "R", 39.37, 29.528, 0, 0, 0],
		[7, "D1_2", 2926.165, 1485, "T", "SMD", "5V", "", "R", 39.37, 29.528, 0, 0, 0],
		[8, "DISP_1", 2056.572, 621.28, "T", "SMD", "VOUT", "", "R", 23.622, 61.024, 0, 0, 0],
		[9, "DISP_2", 2095.952, 621.28, "T", "SMD", "NET_1", "", "R", 23.622, 61.024, 0, 0, 0],
		[10, "DISP_3", 2135.322, 621.28, "T", "SMD", "NET_2", "", "R", 23.622, 61.024, 0, 0, 0],
		[11, "DISP_4", 2174.692, 621.28, "T", "SMD", "DISP_CSN2", "", "R", 23.622, 61.024, 0, 0, 0],
		[12, "DISP_5", 2214.062, 621.28, "T", "SMD", "DISP_CSN1", "", "R", 23.622, 61.024, 0, 0, 0],
		[13, "DISP_6", 2253.432, 621.28, "T", "SMD", "GND", "GND", "R", 23.622, 61.024, 0, 0, 0],
		[14, "DISP_7", 2304.602, 468.72, "T", "SMD", "GND", "GND", "R", 59.055, 78.74, 0, 0, 0],
		[15, "DISP_8", 2005.392, 468.72, "T", "SMD", "GND", "GND", "R", 59.055, 78.74, 0, 0, 0],
		[16, "F1_1", 2294.66, 550, "B", "SMD", "5VO", "", "R", 31.751, 34.016, 0, 0, 180],
		[17, "F1_2", 2235.34, 550, "B", "SMD", "5VO1", "", "R", 31.751, 34.016, 0, 0, 180],
		[18, "LED_1", 2880, 1016.69, "T", "SMD", "$1N1410", "", "R", 39.37, 49.213, 0, 0, 270],
		[19, "LED_2", 2880, 1103.31, "T", "SMD", "5V", "", "R", 39.37, 49.213, 0, 0, 270],
		[20, "LPC_1", 3150, 1015, "T", "DIP", "LCLK", "", "R", 78.74, 78.74, 55.118, 55.118, 90],
		[21, "LPC_1", 3150, 1015, "B", "DIP", "LCLK", "", "R", 78.74, 78.74, 55.118, 55.118, 90],
		[22, "LPC_2", 3050, 1015, "T", "DIP", "GND", "GND", "C", 78.74, 78.74, 55.118, 55.118, 90],
		[23, "LPC_2", 3050, 1015, "B", "DIP", "GND", "GND", "C", 78.74, 78.74, 55.118, 55.118, 90],
		[24, "LPC_3", 3150, 1115, "T", "DIP", "LFRAME", "", "C", 78.74, 78.74, 55.118, 55.118, 90],
		[25, "LPC_3", 3150, 1115, "B", "DIP", "LFRAME", "", "C", 78.74, 78.74, 55.118, 55.118, 90],
		[26, "LPC_4", 3050, 1115, "T", "DIP", "NET_3", "", "C", 78.74, 78.74, 55.118, 55.118, 90],
		[27, "LPC_4", 3050, 1115, "B", "DIP", "NET_3", "", "C", 78.74, 78.74, 55.118, 55.118, 90],
		[28, "LPC_5", 3150, 1215, "T", "DIP", "RST", "", "C", 78.74, 78.74, 55.118, 55.118, 90],
		[29, "LPC_5", 3150, 1215, "B", "DIP", "RST", "", "C", 78.74, 78.74, 55.118, 55.118, 90],
		[30, "LPC_6", 3050, 1215, "T", "DIP", "5V", "", "C", 78.74, 78.74, 55.118, 55.118, 90],
		[31, "LPC_6", 3050, 1215, "B", "DIP", "5V", "", "C", 78.74, 78.74, 55.118, 55.118, 90],
		[32, "LPC_7", 3150, 1315, "T", "DIP", "XLAD3", "", "C", 78.74, 78.74, 55.118, 55.118, 90],
		[33, "LPC_7", 3150, 1315, "B", "DIP", "XLAD3", "", "C", 78.74, 78.74, 55.118, 55.118, 90],
		[34, "LPC_8", 3050, 1315, "T", "DIP", "XLAD2", "", "C", 78.74, 78.74, 55.118, 55.118, 90],
		[35, "LPC_8", 3050, 1315, "B", "DIP", "XLAD2", "", "C", 78.74, 78.74, 55.118, 55.118, 90],
		[36, "LPC_9", 3150, 1415, "T", "DIP", "3.3V", "", "C", 78.74, 78.74, 55.118, 55.118, 90],
		[37, "LPC_9", 3150, 1415, "B", "DIP", "3.3V", "", "C", 78.74, 78.74, 55.118, 55.118, 90],
		[38, "LPC_10", 3050, 1415, "T", "DIP", "XLAD1", "", "C", 78.74, 78.74, 55.118, 55.118, 90],
		[39, "LPC_10", 3050, 1415, "B", "DIP", "XLAD1", "", "C", 78.74, 78.74, 55.118, 55.118, 90],
		[40, "LPC_11", 3150, 1515, "T", "DIP", "XLAD0", "", "C", 78.74, 78.74, 55.118, 55.118, 90],
		[41, "LPC_11", 3150, 1515, "B", "DIP", "XLAD0", "", "C", 78.74, 78.74, 55.118, 55.118, 90],
		[42, "LPC_12", 3050, 1515, "T", "DIP", "GND", "GND", "C", 78.74, 78.74, 55.118, 55.118, 90],
		[43, "LPC_12", 3050, 1515, "B", "DIP", "GND", "GND", "C", 78.74, 78.74, 55.118, 55.118, 90],
		[44, "LPC_13", 3150, 1615, "T", "DIP", "XSCL", "", "C", 78.74, 78.74, 55.118, 55.118, 90],
		[45, "LPC_13", 3150, 1615, "B", "DIP", "XSCL", "", "C", 78.74, 78.74, 55.118, 55.118, 90],
		[46, "LPC_14", 3050, 1615, "T", "DIP", "XSDA", "", "C", 78.74, 78.74, 55.118, 55.118, 90],
		[47, "LPC_14", 3050, 1615, "B", "DIP", "XSDA", "", "C", 78.74, 78.74, 55.118, 55.118, 90],
		[48, "LPC_15", 3150, 1715, "T", "DIP", "3.3V", "", "C", 78.74, 78.74, 55.118, 55.118, 90],
		[49, "LPC_15", 3150, 1715, "B", "DIP", "3.3V", "", "C", 78.74, 78.74, 55.118, 55.118, 90],
		[50, "LPC_16", 3050, 1715, "T", "DIP", "NET_4", "", "C", 78.74, 78.74, 55.118, 55.118, 90],
		[51, "LPC_16", 3050, 1715, "B", "DIP", "NET_4", "", "C", 78.74, 78.74, 55.118, 55.118, 90],
		[52, "R1_1", 2442.96, 625, "B", "SMD", "GND", "GND", "R", 22.27, 21.26, 0, 0, 0],
		[53, "R1_2", 2477.04, 625, "B", "SMD", "3.3V", "", "R", 22.27, 21.26, 0, 0, 0],
		[54, "R2_1", 2880, 1225.63, "T", "SMD", "$1N1410", "", "R", 44.588, 54.213, 0, 0, 90],
		[55, "R2_2", 2880, 1304.37, "T", "SMD", "STS_LED", "", "R", 44.588, 54.213, 0, 0, 90],
		[56, "RGB_1", 2386.532, 694.5885, "T", "SMD", "RGB", "", "O", 120, 80, 0, 0, 0],
		[57, "RGB_EXP_1", 2510.63, 616.28, "T", "SMD", "VOUT", "", "R", 61.024, 23.622, 0, 0, 270],
		[58, "RGB_EXP_2", 2550, 616.28, "T", "SMD", "RGB", "", "R", 61.024, 23.622, 0, 0, 270],
		[59, "RGB_EXP_3", 2589.37, 616.28, "T", "SMD", "GND", "GND", "R", 61.024, 23.622, 0, 0, 270],
		[60, "RGB_EXP_4", 2640.55, 463.72, "T", "SMD", "GND", "GND", "R", 70.866, 47.244, 0, 0, 270],
		[61, "RGB_EXP_5", 2459.45, 463.72, "T", "SMD", "GND", "GND", "R", 70.866, 47.244, 0, 0, 270],
		[62, "RN1_1", 2920.315, 1631.85, "T", "SMD", "XLAD3", "", "R", 35.433, 29.528, 0, 0, 180],
		[63, "RN1_2", 2920.315, 1669.25, "T", "SMD", "XLAD2", "", "R", 35.433, 22.835, 0, 0, 180],
		[64, "RN1_3", 2920.315, 1700.75, "T", "SMD", "XLAD1", "", "R", 35.433, 22.835, 0, 0, 180],
		[65, "RN1_4", 2920.315, 1738.15, "T", "SMD", "XLAD0", "", "R", 35.433, 29.528, 0, 0, 180],
		[66, "RN1_5", 2859.685, 1738.15, "T", "SMD", "LAD0", "", "R", 35.433, 29.528, 0, 0, 180],
		[67, "RN1_6", 2859.685, 1700.75, "T", "SMD", "LAD1", "", "R", 35.433, 22.835, 0, 0, 180],
		[68, "RN1_7", 2859.685, 1669.25, "T", "SMD", "LAD2", "", "R", 35.433, 22.835, 0, 0, 180],
		[69, "RN1_8", 2859.685, 1631.85, "T", "SMD", "LAD3", "", "R", 35.433, 29.528, 0, 0, 180],
		[70, "U1_1", 2709.33, 1726.3, "T", "SMD", "LAD0", "", "R", 78.74, 51.181, 0, 0, 0],
		[71, "U1_2", 2709.33, 1626.3, "T", "SMD", "LAD1", "", "R", 78.74, 51.181, 0, 0, 0],
		[72, "U1_3", 2709.33, 1526.3, "T", "SMD", "LAD2", "", "R", 78.74, 51.181, 0, 0, 0],
		[73, "U1_4", 2709.33, 1426.3, "T", "SMD", "LAD3", "", "R", 78.74, 51.181, 0, 0, 0],
		[74, "U1_5", 2709.33, 1326.3, "T", "SMD", "LCLK", "", "R", 78.74, 51.181, 0, 0, 0],
		[75, "U1_6", 2709.33, 1226.3, "T", "SMD", "LFRAME", "", "R", 78.74, 51.181, 0, 0, 0],
		[76, "U1_7", 2709.33, 1126.3, "T", "SMD", "D0", "", "R", 78.74, 51.181, 0, 0, 0],
		[77, "U1_8", 2709.33, 1026.3, "T", "SMD", "RST", "", "R", 78.74, 51.181, 0, 0, 0],
		[78, "U1_9", 2709.33, 926.3, "T", "SMD", "3.3V", "", "R", 78.74, 51.181, 0, 0, 0],
		[79, "U1_10", 2555, 863.7, "T", "SMD", "NET_5", "", "R", 51.181, 78.74, 0, 0, 0],
		[80, "U1_11", 2455, 863.7, "T", "SMD", "NET_6", "", "R", 51.181, 78.74, 0, 0, 0],
		[81, "U1_12", 2355, 863.7, "T", "SMD", "STS_LED", "", "R", 51.181, 78.74, 0, 0, 0],
		[82, "U1_13", 2255, 863.7, "T", "SMD", "EX_SDA", "", "R", 51.181, 78.74, 0, 0, 0],
		[83, "U1_14", 2155, 863.71, "T", "SMD", "EX_SCL", "", "R", 78.74, 51.181, 0, 0, 270],
		[84, "U1_15", 2000.67, 926.3, "T", "SMD", "NET_2", "", "R", 78.74, 51.181, 0, 0, 0],
		[85, "U1_16", 2000.67, 1026.3, "T", "SMD", "NET_1", "", "R", 78.74, 51.181, 0, 0, 0],
		[86, "U1_17", 2000.67, 1126.3, "T", "SMD", "DISP_CSN2", "", "R", 78.74, 51.181, 0, 0, 0],
		[87, "U1_18", 2000.67, 1226.3, "T", "SMD", "DISP_CSN1", "", "R", 78.74, 51.181, 0, 0, 0],
		[88, "U1_19", 2000.67, 1326.3, "T", "SMD", "NET_7", "", "R", 78.74, 51.181, 0, 0, 0],
		[89, "U1_20", 2000.67, 1426.3, "T", "SMD", "NET_8", "", "R", 78.74, 51.181, 0, 0, 0],
		[90, "U1_21", 2000.67, 1526.3, "T", "SMD", "NET_9", "", "R", 78.74, 51.181, 0, 0, 0],
		[91, "U1_22", 2000.67, 1626.3, "T", "SMD", "GND", "GND", "R", 78.74, 51.181, 0, 0, 0],
		[92, "U1_23", 2000.67, 1726.3, "T", "SMD", "5VX", "", "R", 78.74, 51.181, 0, 0, 0],
		[93, "U2_1", 2536.85, 552.6, "B", "SMD", "5V", "", "R", 43.307, 23.622, 0, 0, 180],
		[94, "U2_2", 2536.85, 590, "B", "SMD", "GND", "GND", "R", 43.307, 23.622, 0, 0, 180],
		[95, "U2_3", 2536.85, 627.4, "B", "SMD", "3.3V", "", "R", 43.307, 23.622, 0, 0, 180],
		[96, "U2_4", 2643.15, 627.4, "B", "SMD", "NET_10", "", "R", 43.307, 23.622, 0, 0, 180],
		[97, "U2_5", 2643.15, 590, "B", "SMD", "5VO", "", "R", 43.307, 23.622, 0, 0, 180],
		[98, "U2_6", 2643.15, 552.6, "B", "SMD", "5VO", "", "R", 43.307, 23.622, 0, 0, 180],
		[99, "VSEL_1", 2993.9298, 715.1828, "B", "SMD", "5VO1", "", "R", 27.559, 58.661, 0, 0, 44.441],
		[100, "VSEL_2", 2965.821, 687.6167, "B", "SMD", "VOUT", "", "R", 27.559, 58.661, 0, 0, 44.441],
		[101, "VSEL_3", 2937.7121, 660.0506, "B", "SMD", "3.3V", "", "R", 27.559, 58.661, 0, 0, 44.441],
		[102, "VSEL_4", 3125.9876, 681.7418, "B", "SMD", "GND", "GND", "R", 31.496, 39.37, 0, 0, 314.442],
		[103, "VSEL_4", 2968.5795, 527.373, "B", "SMD", "GND", "GND", "R", 31.496, 39.37, 0, 0, 314.442],
		[104, "VSEL_4", 3065.3379, 743.5855, "B", "SMD", "GND", "GND", "R", 31.496, 39.37, 0, 0, 314.442],
		[105, "VSEL_4", 2907.9299, 589.2167, "B", "SMD", "GND", "GND", "R", 31.496, 39.37, 0, 0, 314.442],
		[106, "XBSMB_1", 2877.0358, 666.214, "T", "SMD", "VOUT", "", "R", 19.685, 66.929, 0, 0, 45.244],
		[107, "XBSMB_2", 2904.7558, 694.1711, "T", "SMD", "GND", "GND", "R", 19.685, 66.929, 0, 0, 45.244],
		[108, "XBSMB_3", 2932.4757, 722.1282, "T", "SMD", "3.3V", "", "R", 19.685, 66.929, 0, 0, 45.244],
		[109, "XBSMB_4", 2960.1957, 750.0853, "T", "SMD", "XSDA", "", "R", 19.685, 66.929, 0, 0, 45.244],
		[110, "XBSMB_5", 2987.9157, 778.0424, "T", "SMD", "XSCL", "", "R", 19.685, 66.929, 0, 0, 45.244],
		[111, "XBSMB_6", 3113.4583, 714.5409, "T", "SMD", "GND", "GND", "R", 47.244, 98.425, 0, 0, 45.244],
		[112, "XBSMB_7", 2941.5972, 541.2097, "T", "SMD", "GND", "GND", "R", 47.244, 98.425, 0, 0, 45.244],
		[113, "PAD1_2", 2926.165, 1485, "T", "SMD", "5V", "", "R", 39.37, 29.528, 0, 0, 0],
		[114, "PAD2_1", 2833.835, 1485, "T", "SMD", "5VX", "", "R", 39.37, 29.528, 0, 0, 0],
		[115, "PAD3_1", 2056.572, 621.28, "T", "SMD", "VOUT", "", "R", 23.622, 61.024, 0, 0, 0],
		[116, "PAD4_2", 2095.952, 621.28, "T", "SMD", "NET_1", "", "R", 23.622, 61.024, 0, 0, 0],
		[117, "PAD5_3", 2135.322, 621.28, "T", "SMD", "NET_2", "", "R", 23.622, 61.024, 0, 0, 0],
		[118, "PAD6_4", 2174.692, 621.28, "T", "SMD", "DISP_CSN2", "", "R", 23.622, 61.024, 0, 0, 0],
		[119, "PAD7_5", 2214.062, 621.28, "T", "SMD", "DISP_CSN1", "", "R", 23.622, 61.024, 0, 0, 0],
		[120, "PAD8_6", 2253.432, 621.28, "T", "SMD", "GND", "GND", "R", 23.622, 61.024, 0, 0, 0],
		[121, "PAD9_7", 2304.602, 468.72, "T", "SMD", "GND", "GND", "R", 59.055, 78.74, 0, 0, 0],
		[122, "PAD10_8", 2005.392, 468.72, "T", "SMD", "GND", "GND", "R", 59.055, 78.74, 0, 0, 0],
		[123, "PAD11_1", 2880, 1016.69, "T", "SMD", "$1N1410", "", "R", 39.37, 49.213, 0, 0, 270],
		[124, "PAD12_2", 2880, 1103.31, "T", "SMD", "5V", "", "R", 39.37, 49.213, 0, 0, 270],
		[125, "PAD13_2", 2880, 1304.37, "T", "SMD", "STS_LED", "", "R", 44.588, 54.213, 0, 0, 90],
		[126, "PAD14_1", 2880, 1225.63, "T", "SMD", "$1N1410", "", "R", 44.588, 54.213, 0, 0, 90],
		[127, "PAD15_1", 2386.532, 694.5885, "T", "SMD", "RGB", "", "O", 120, 80, 0, 0, 0],
		[128, "PAD16_5", 2859.685, 1738.15, "T", "SMD", "LAD0", "", "R", 35.433, 29.528, 0, 0, 180],
		[129, "PAD17_4", 2920.315, 1738.15, "T", "SMD", "XLAD0", "", "R", 35.433, 29.528, 0, 0, 180],
		[130, "PAD18_6", 2859.685, 1700.75, "T", "SMD", "LAD1", "", "R", 35.433, 22.835, 0, 0, 180],
		[131, "PAD19_3", 2920.315, 1700.75, "T", "SMD", "XLAD1", "", "R", 35.433, 22.835, 0, 0, 180],
		[132, "PAD20_7", 2859.685, 1669.25, "T", "SMD", "LAD2", "", "R", 35.433, 22.835, 0, 0, 180],
		[133, "PAD21_2", 2920.315, 1669.25, "T", "SMD", "XLAD2", "", "R", 35.433, 22.835, 0, 0, 180],
		[134, "PAD22_8", 2859.685, 1631.85, "T", "SMD", "LAD3", "", "R", 35.433, 29.528, 0, 0, 180],
		[135, "PAD23_1", 2920.315, 1631.85, "T", "SMD", "XLAD3", "", "R", 35.433, 29.528, 0, 0, 180],
		[136, "PAD24_9", 2709.33, 926.3, "T", "SMD", "3.3V", "", "R", 78.74, 51.181, 0, 0, 0],
		[137, "PAD25_8", 2709.33, 1026.3, "T", "SMD", "RST", "", "R", 78.74, 51.181, 0, 0, 0],
		[138, "PAD26_7", 2709.33, 1126.3, "T", "SMD", "D0", "", "R", 78.74, 51.181, 0, 0, 0],
		[139, "PAD27_6", 2709.33, 1226.3, "T", "SMD", "LFRAME", "", "R", 78.74, 51.181, 0, 0, 0],
		[140, "PAD28_5", 2709.33, 1326.3, "T", "SMD", "LCLK", "", "R", 78.74, 51.181, 0, 0, 0],
		[141, "PAD29_4", 2709.33, 1426.3, "T", "SMD", "LAD3", "", "R", 78.74, 51.181, 0, 0, 0],
		[142, "PAD30_3", 2709.33, 1526.3, "T", "SMD", "LAD2", "", "R", 78.74, 51.181, 0, 0, 0],
		[143, "PAD31_2", 2709.33, 1626.3, "T", "SMD", "LAD1", "", "R", 78.74, 51.181, 0, 0, 0],
		[144, "PAD32_1", 2709.33, 1726.3, "T", "SMD", "LAD0", "", "R", 78.74, 51.181, 0, 0, 0],
		[145, "PAD33_12", 2355, 863.7, "T", "SMD", "STS_LED", "", "R", 51.181, 78.74, 0, 0, 0],
		[146, "PAD34_13", 2255, 863.7, "T", "SMD", "EX_SDA", "", "R", 51.181, 78.74, 0, 0, 0],
		[147, "PAD35_15", 2000.67, 926.3, "T", "SMD", "NET_2", "", "R", 78.74, 51.181, 0, 0, 0],
		[148, "PAD36_16", 2000.67, 1026.3, "T", "SMD", "NET_1", "", "R", 78.74, 51.181, 0, 0, 0],
		[149, "PAD37_17", 2000.67, 1126.3, "T", "SMD", "DISP_CSN2", "", "R", 78.74, 51.181, 0, 0, 0],
		[150, "PAD38_18", 2000.67, 1226.3, "T", "SMD", "DISP_CSN1", "", "R", 78.74, 51.181, 0, 0, 0],
		[151, "PAD39_22", 2000.67, 1626.3, "T", "SMD", "GND", "GND", "R", 78.74, 51.181, 0, 0, 0],
		[152, "PAD40_14", 2155, 863.71, "T", "SMD", "EX_SCL", "", "R", 78.74, 51.181, 0, 0, 270],
		[153, "PAD41_23", 2000.67, 1726.3, "T", "SMD", "5VX", "", "R", 78.74, 51.181, 0, 0, 0],
		[154, "PAD42_1", 3150, 1015, "T", "DIP", "LCLK", "", "R", 78.74, 78.74, 55.118, 55.118, 90],
		[155, "PAD42_1", 3150, 1015, "B", "DIP", "LCLK", "", "R", 78.74, 78.74, 55.118, 55.118, 90],
		[156, "PAD43_2", 3050, 1015, "T", "DIP", "GND", "GND", "C", 78.74, 78.74, 55.118, 55.118, 90],
		[157, "PAD43_2", 3050, 1015, "B", "DIP", "GND", "GND", "C", 78.74, 78.74, 55.118, 55.118, 90],
		[158, "PAD44_3", 3150, 1115, "T", "DIP", "LFRAME", "", "C", 78.74, 78.74, 55.118, 55.118, 90],
		[159, "PAD44_3", 3150, 1115, "B", "DIP", "LFRAME", "", "C", 78.74, 78.74, 55.118, 55.118, 90],
		[160, "PAD45_5", 3150, 1215, "T", "DIP", "RST", "", "C", 78.74, 78.74, 55.118, 55.118, 90],
		[161, "PAD45_5", 3150, 1215, "B", "DIP", "RST", "", "C", 78.74, 78.74, 55.118, 55.118, 90],
		[162, "PAD46_6", 3050, 1215, "T", "DIP", "5V", "", "C", 78.74, 78.74, 55.118, 55.118, 90],
		[163, "PAD46_6", 3050, 1215, "B", "DIP", "5V", "", "C", 78.74, 78.74, 55.118, 55.118, 90],
		[164, "PAD47_7", 3150, 1315, "T", "DIP", "XLAD3", "", "C", 78.74, 78.74, 55.118, 55.118, 90],
		[165, "PAD47_7", 3150, 1315, "B", "DIP", "XLAD3", "", "C", 78.74, 78.74, 55.118, 55.118, 90],
		[166, "PAD48_8", 3050, 1315, "T", "DIP", "XLAD2", "", "C", 78.74, 78.74, 55.118, 55.118, 90],
		[167, "PAD48_8", 3050, 1315, "B", "DIP", "XLAD2", "", "C", 78.74, 78.74, 55.118, 55.118, 90],
		[168, "PAD49_9", 3150, 1415, "T", "DIP", "3.3V", "", "C", 78.74, 78.74, 55.118, 55.118, 90],
		[169, "PAD49_9", 3150, 1415, "B", "DIP", "3.3V", "", "C", 78.74, 78.74, 55.118, 55.118, 90],
		[170, "PAD50_10", 3050, 1415, "T", "DIP", "XLAD1", "", "C", 78.74, 78.74, 55.118, 55.118, 90],
		[171, "PAD50_10", 3050, 1415, "B", "DIP", "XLAD1", "", "C", 78.74, 78.74, 55.118, 55.118, 90],
		[172, "PAD51_11", 3150, 1515, "T", "DIP", "XLAD0", "", "C", 78.74, 78.74, 55.118, 55.118, 90],
		[173, "PAD51_11", 3150, 1515, "B", "DIP", "XLAD0", "", "C", 78.74, 78.74, 55.118, 55.118, 90],
		[174, "PAD52_12", 3050, 1515, "T", "DIP", "GND", "GND", "C", 78.74, 78.74, 55.118, 55.118, 90],
		[175, "PAD52_12", 3050, 1515, "B", "DIP", "GND", "GND", "C", 78.74, 78.74, 55.118, 55.118, 90],
		[176, "PAD53_13", 3150, 1615, "T", "DIP", "XSCL", "", "C", 78.74, 78.74, 55.118, 55.118, 90],
		[177, "PAD53_13", 3150, 1615, "B", "DIP", "XSCL", "", "C", 78.74, 78.74, 55.118, 55.118, 90],
		[178, "PAD54_14", 3050, 1615, "T", "DIP", "XSDA", "", "C", 78.74, 78.74, 55.118, 55.118, 90],
		[179, "PAD54_14", 3050, 1615, "B", "DIP", "XSDA", "", "C", 78.74, 78.74, 55.118, 55.118, 90],
		[180, "PAD55_15", 3150, 1715, "T", "DIP", "3.3V", "", "C", 78.74, 78.74, 55.118, 55.118, 90],
		[181, "PAD55_15", 3150, 1715, "B", "DIP", "3.3V", "", "C", 78.74, 78.74, 55.118, 55.118, 90],
		[182, "PAD56_1", 3129.8425, 863.3075, "T", "SMD", "D0", "", "O", 120, 80, 0, 0, 0],
		[183, "PAD57_2", 2235.34, 550, "B", "SMD", "5VO1", "", "R", 31.751, 34.016, 0, 0, 180],
		[184, "PAD58_1", 2294.66, 550, "B", "SMD", "5VO", "", "R", 31.751, 34.016, 0, 0, 180],
		[185, "PAD59_4", 3125.9876, 681.7418, "B", "SMD", "GND", "GND", "R", 31.496, 39.37, 0, 0, 314.442],
		[186, "PAD60_4", 2968.5795, 527.373, "B", "SMD", "GND", "GND", "R", 31.496, 39.37, 0, 0, 314.442],
		[187, "PAD61_4", 3065.3379, 743.5855, "B", "SMD", "GND", "GND", "R", 31.496, 39.37, 0, 0, 314.442],
		[188, "PAD62_4", 2907.9299, 589.2167, "B", "SMD", "GND", "GND", "R", 31.496, 39.37, 0, 0, 314.442],
		[189, "PAD63_2", 2965.821, 687.6167, "B", "SMD", "VOUT", "", "R", 27.559, 58.661, 0, 0, 44.441],
		[190, "PAD64_3", 2937.7121, 660.0506, "B", "SMD", "3.3V", "", "R", 27.559, 58.661, 0, 0, 44.441],
		[191, "PAD65_1", 2993.9298, 715.1828, "B", "SMD", "5VO1", "", "R", 27.559, 58.661, 0, 0, 44.441],
		[192, "PAD66_2", 2385, 591.46, "B", "SMD", "GND", "GND", "R", 31.106, 21.26, 0, 0, 90],
		[193, "PAD67_1", 2385, 548.54, "B", "SMD", "5V", "", "R", 31.106, 21.26, 0, 0, 90],
		[194, "PAD68_2", 2786.46, 555, "B", "SMD", "GND", "GND", "R", 31.106, 21.26, 0, 0, 0],
		[195, "PAD69_1", 2743.54, 555, "B", "SMD", "5VO", "", "R", 31.106, 21.26, 0, 0, 0],
		[196, "PAD70_2", 2477.04, 625, "B", "SMD", "3.3V", "", "R", 22.27, 21.26, 0, 0, 0],
		[197, "PAD71_1", 2442.96, 625, "B", "SMD", "GND", "GND", "R", 22.27, 21.26, 0, 0, 0],
		[198, "PAD72_5", 2459.45, 463.72, "T", "SMD", "GND", "GND", "R", 70.866, 47.244, 0, 0, 270],
		[199, "PAD73_3", 2589.37, 616.28, "T", "SMD", "GND", "GND", "R", 61.024, 23.622, 0, 0, 270],
		[200, "PAD74_2", 2550, 616.28, "T", "SMD", "RGB", "", "R", 61.024, 23.622, 0, 0, 270],
		[201, "PAD75_1", 2510.63, 616.28, "T", "SMD", "VOUT", "", "R", 61.024, 23.622, 0, 0, 270],
		[202, "PAD76_4", 2640.55, 463.72, "T", "SMD", "GND", "GND", "R", 70.866, 47.244, 0, 0, 270],
		[203, "PAD77_3", 2536.85, 627.4, "B", "SMD", "3.3V", "", "R", 43.307, 23.622, 0, 0, 180],
		[204, "PAD78_2", 2536.85, 590, "B", "SMD", "GND", "GND", "R", 43.307, 23.622, 0, 0, 180],
		[205, "PAD79_1", 2536.85, 552.6, "B", "SMD", "5V", "", "R", 43.307, 23.622, 0, 0, 180],
		[206, "PAD80_6", 2643.15, 552.6, "B", "SMD", "5VO", "", "R", 43.307, 23.622, 0, 0, 180],
		[207, "PAD81_5", 2643.15, 590, "B", "SMD", "5VO", "", "R", 43.307, 23.622, 0, 0, 180],
		[208, "PAD82_5", 2987.9157, 778.0424, "T", "SMD", "XSCL", "", "R", 19.685, 66.929, 0, 0, 45.244],
		[209, "PAD83_4", 2960.1957, 750.0853, "T", "SMD", "XSDA", "", "R", 19.685, 66.929, 0, 0, 45.244],
		[210, "PAD84_1", 2877.0358, 666.214, "T", "SMD", "VOUT", "", "R", 19.685, 66.929, 0, 0, 45.244],
		[211, "PAD85_2", 2904.7558, 694.1711, "T", "SMD", "GND", "GND", "R", 19.685, 66.929, 0, 0, 45.244],
		[212, "PAD86_3", 2932.4757, 722.1282, "T", "SMD", "3.3V", "", "R", 19.685, 66.929, 0, 0, 45.244],
		[213, "PAD87_6", 3113.4583, 714.5409, "T", "SMD", "GND", "GND", "R", 47.244, 98.425, 0, 0, 45.244],
		[214, "PAD88_7", 2941.5972, 541.2097, "T", "SMD", "GND", "GND", "R", 47.244, 98.425, 0, 0, 45.244]
	]
}
}