{
"lengthUnit": "mil",
"components": {
	"fields": ["COMPONENT_NO", "COMPONENT_NAME", "LAYER", "X_COORDINATE", "Y_COORDINATE", "ANGLE"],
	"rows": [
		[1, "3.3V", "T", 1159.84, -419.17, 0],
		[2, "5V", "T", 739.84, -679.8, 0],
		[3, "GND", "T", 734.84, -860.43, 0],
		[4, "LAD0", "T", 1159.84, -293.54, 0],
		[5, "LAD1", "T", 739.84, -412.91, 0],
		[6, "LAD2", "T", 739.84, -537.28, 0],
		[7, "LAD3", "T", 1169.84, -535.23, 0],
		[8, "LCLK", "T", 1169.84, -878.34, 0],
		[9, "LFRAME", "T", 1169.84, -763.97, 0],
		[10, "LPC", "T", 960, -500, 90],
		[11, "RST", "T", 1169.84, -649.6, 0],
		[12, "SCL", "T", 1154.84, -176.06, 0],
		[13, "SDA", "T", 739.84, -271.69, 0]
	]
},
"pins": {
	"fields": ["PIN_NO", "PIN_NAME", "PIN_X", "PIN_Y", "LAYER", "PIN_TYPE", "NET_NAME", "NET_TYPE", "PAD_SHAPE", "PAD_SIZEX", "PAD_SIZEY", "HOLE_SIZE", "PAD_ANGLE"],
	"rows": [
		[1, "3.3V_1", 1159.84, -419.17, "T", "SMD", "3.3V", "", "O", 120, 60, 0, 0],
		[2, "5V_1", 739.84, -679.8, "T", "SMD", "5V", "", "O", 120, 60, 0, 0],
		[3, "GND_1", 734.84, -860.43, "T", "SMD", "GND", "GND", "O", 120, 60, 0, 0],
		[4, "LAD0_1", 1159.84, -293.54, "T", "SMD", "XLAD0", "", "O", 120, 60, 0, 0],
		[5, "LAD1_1", 739.84, -412.91, "T", "SMD", "XLAD1", "", "O", 120, 60, 0, 0],
		[6, "LAD2_1", 739.84, -537.28, "T", "SMD", "XLAD2", "", "O", 120, 60, 0, 0],
		[7, "LAD3_1", 1169.84, -535.23, "T", "SMD", "XLAD3", "", "O", 120, 60, 0, 0],
		[8, "LCLK_1", 1169.84, -878.34, "T", "SMD", "LCLK", "", "O", 120, 60, 0, 0],
		[9, "LFRAME_1", 1169.84, -763.97, "T", "SMD", "LFRAME", "", "O", 120, 60, 0, 0],
		[10, "LPC_1", 1010, -850, "T", "DIP", "LCLK", "", "R", 70.87, 70.87, 47.24, 90],
		[11, "LPC_1", 1010, -850, "B", "DIP", "LCLK", "", "R", 70.87, 70.87, 47.24, 90],
		[12, "LPC_2", 910, -850, "T", "DIP", "GND", "GND", "C", 70.87, 70.87, 47.24, 90],
		[13, "LPC_2", 910, -850, "B", "DIP", "GND", "GND", "C", 70.87, 70.87, 47.24, 90],
		[14, "LPC_3", 1010, -750, "T", "DIP", "LFRAME", "", "C", 70.87, 70.87, 47.24, 90],
		[15, "LPC_3", 1010, -750, "B", "DIP", "LFRAME", "", "C", 70.87, 70.87, 47.24, 90],
		[16, "LPC_4", 910, -750, "T", "DIP", "LPC_4", "", "C", 70.87, 70.87, 47.24, 90],
		[17, "LPC_4", 910, -750, "B", "DIP", "LPC_4", "", "C", 70.87, 70.87, 47.24, 90],
		[18, "LPC_5", 1010, -650, "T", "DIP", "RST", "", "C", 70.87, 70.87, 47.24, 90],
		[19, "LPC_5", 1010, -650, "B", "DIP", "RST", "", "C", 70.87, 70.87, 47.24, 90],
		[20, "LPC_6", 910, -650, "T", "DIP", "5V", "", "C", 70.87, 70.87, 47.24, 90],
		[21, "LPC_6", 910, -650, "B", "DIP", "5V", "", "C", 70.87, 70.87, 47.24, 90],
		[22, "LPC_7", 1010, -550, "T", "DIP", "XLAD3", "", "C", 70.87, 70.87, 47.24, 90],
		[23, "LPC_7", 1010, -550, "B", "DIP", "XLAD3", "", "C", 70.87, 70.87, 47.24, 90],
		[24, "LPC_8", 910, -550, "T", "DIP", "XLAD2", "", "C", 70.87, 70.87, 47.24, 90],
		[25, "LPC_8", 910, -550, "B", "DIP", "XLAD2", "", "C", 70.87, 70.87, 47.24, 90],
		[26, "LPC_9", 1010, -450, "T", "DIP", "3.3V", "", "C", 70.87, 70.87, 47.24, 90],
		[27, "LPC_9", 1010, -450, "B", "DIP", "3.3V", "", "C", 70.87, 70.87, 47.24, 90],
		[28, "LPC_10", 910, -450, "T", "DIP", "XLAD1", "", "C", 70.87, 70.87, 47.24, 90],
		[29, "LPC_10", 910, -450, "B", "DIP", "XLAD1", "", "C", 70.87, 70.87, 47.24, 90],
		[30, "LPC_11", 1010, -350, "T", "DIP", "XLAD0", "", "C", 70.87, 70.87, 47.24, 90],
		[31, "LPC_11", 1010, -350, "B", "DIP", "XLAD0", "", "C", 70.87, 70.87, 47.24, 90],
		[32, "LPC_12", 910, -350, "T", "DIP", "GND", "GND", "C", 70.87, 70.87, 47.24, 90],
		[33, "LPC_12", 910, -350, "B", "DIP", "GND", "GND", "C", 70.87, 70.87, 47.24, 90],
		[34, "LPC_13", 1010, -250, "T", "DIP", "XSCL", "", "C", 70.87, 70.87, 47.24, 90],
		[35, "LPC_13", 1010, -250, "B", "DIP", "XSCL", "", "C", 70.87, 70.87, 47.24, 90],
		[36, "LPC_14", 910, -250, "T", "DIP", "XSDA", "", "C", 70.87, 70.87, 47.24, 90],
		[37, "LPC_14", 910, -250, "B", "DIP", "XSDA", "", "C", 70.87, 70.87, 47.24, 90],
		[38, "LPC_15", 1010, -150, "T", "DIP", "LPC_15", "", "C", 70.87, 70.87, 47.24, 90],
		[39, "LPC_15", 1010, -150, "B", "DIP", "LPC_15", "", "C", 70.87, 70.87, 47.24, 90],
		[40, "LPC_16", 910, -150, "T", "DIP", "LPC_16", "", "C", 70.87, 70.87, 47.24, 90],
		[41, "LPC_16", 910, -150, "B", "DIP", "LPC_16", "", "C", 70.87, 70.87, 47.24, 90],
		[42, "RST_1", 1169.84, -649.6, "T", "SMD", "RST", "", "O", 120, 60, 0, 0],
		[43, "SCL_1", 1154.84, -176.06, "T", "SMD", "XSCL", "", "O", 120, 60, 0, 0],
		[44, "SDA_1", 739.84, -271.69, "T", "SMD", "XSDA", "", "O", 120, 60, 0, 0]
	]
}
}